conversation_id_str,created_at,favorite_count,full_text,id_str,image_url,in_reply_to_screen_name,lang,location,quote_count,reply_count,retweet_count,tweet_url,user_id_str,username
1.73001E+18,Wed Nov 29 23:52:30 +0000 2023,0,I was scrolling at 1 am on tiktok and randomly offered a free mural for a coffee shop/rage studio hahahaha they wanna see my artworks now.,1.73001E+18,,,en,Unknown,1,0,0,https://x.com/kuya_Inglesjay/status/1730011886736064561,3046188175,kuya_Inglesjay
1.73001E+18,Wed Nov 29 23:51:36 +0000 2023,0,He s an absolute clown. But is making a point that is necessary cause social media as a whole sucks across the board right now - look how TikTok shop ruined TikTok.,1.73001E+18,,VisualsByChern,en,"California, USA",0,1,0,https://x.com/VisualsByChern/status/1730011660268757017,1.06976E+18,VisualsByChern
1.73001E+18,Wed Nov 29 23:41:00 +0000 2023,0,To all the creators who are in the Amazon Associates program &amp; are also doing TikTok Shop I have a question. Do u think it s worth putting more time on TikTok shop cuz they give you more commission? Personally I m starting to lean more toward TT for that reason #ugc #tiktokshop,1.73001E+18,,,en,San Antonio Texas,0,0,0,https://x.com/janetsworld777/status/1730008994423464336,1.72054E+18,janetsworld777
1.73001E+18,Wed Nov 29 23:38:20 +0000 2023,0,My other 2 packages came today from TikTok shop and my other order has been shipped. I m slightly hooked ,1.73001E+18,,,en,McKenzie's World ,0,0,0,https://x.com/BaddGirl_Tootie/status/1730008320218484759,353521094,BaddGirl_Tootie
1.73001E+18,Wed Nov 29 23:36:47 +0000 2023,0,@ariesnotebook I starting my second TikTok Shop in Beauty,1.73001E+18,,ariesnotebook,en,,0,0,0,https://x.com/MrkingTok/status/1730007933491232976,1.49526E+18,MrkingTok
1.73001E+18,Wed Nov 29 23:32:21 +0000 2023,1,I could never make a day in the life tiktok because it would just include me going to the smoke shop and having multiple silent panic attacks.,1.73001E+18,,,en,"Georgia, USA",0,0,0,https://x.com/canbtchgetalick/status/1730006814379356220,1.65464E+18,canbtchgetalick
1.73001E+18,Wed Nov 29 23:31:30 +0000 2023,0,resisting the summer fridays balm so i can just bulk buy it and put in my hotties stockings this year about to utilize the tiktok shop fr,1.73001E+18,,,en,she/he/they | 🇪🇨🏳️‍🌈🇭🇳 ,0,0,0,https://x.com/cherubicynthia/status/1730006600331514272,7.31197E+17,cherubicynthia
1.73001E+18,Wed Nov 29 23:30:57 +0000 2023,26,TikTok shop is gonna be bigger than most Ecommerce guys think. Its perfect for cold acquisition. I think the key will be optimizing the packaging to lead people to your site/community. Truly wild stuff going on. I m hyped to be a part of it.,1.73001E+18,,,en,,0,3,0,https://x.com/ariesnotebook/status/1730006465182564812,9.96177E+17,ariesnotebook
1.7296E+18,Wed Nov 29 23:27:16 +0000 2023,0,@shugaplumfairy You can shop on the TikTok app!?,1.73001E+18,,shugaplumfairy,en,"Chicago, Illinois ",0,0,0,https://x.com/mellozo/status/1730005536676995194,1567202269,mellozo
1.73E+18,Wed Nov 29 23:16:49 +0000 2023,1,I will be getting everyone s Christmas gifts off the TikTok Shop,1.73E+18,,,en,"Atlanta, GA",0,1,0,https://x.com/niyellej/status/1730002907326455836,1.00702E+18,niyellej
1.72987E+18,Wed Nov 29 23:12:17 +0000 2023,1,@AlyssaIsBright I'm so tired of TikTok shop and all of the eligible for commission posts. I just want funny stories but apparently that's too much to ask. Everyone bows to capitalism. ,1.73E+18,,AlyssaIsBright,en,West Virginia,0,1,0,https://x.com/s_d_messenger/status/1730001764584214751,49800115,s_d_messenger
1.73E+18,Wed Nov 29 23:11:36 +0000 2023,0,So my TikTok doesn t have TikTok Shop. Has this happened to anyone?,1.73E+18,,,en,,0,1,0,https://x.com/JohannaLynnUGC/status/1730001593850814806,1.69714E+18,JohannaLynnUGC
1.73E+18,Wed Nov 29 23:05:48 +0000 2023,24,This video of me and my son has 5 million views on TikTok and I m so blessed that so many people love to see the bond between me and my baby boy. https://t.co/6ReWXnB7vD,1.73E+18,https://pbs.twimg.com/ext_tw_video_thumb/1729999573836349440/pu/img/Mgmv6U1QZhAh4Cwq.jpg,,en,,1,0,2,https://x.com/n_exquisite/status/1730000134862176609,7.01208E+17,n_exquisite
1.73E+18,Wed Nov 29 23:04:38 +0000 2023,0,What app do you use to sync tiktok shop orders?,1.73E+18,,,en,,0,0,0,https://x.com/MitchelMetzger/status/1729999839495151990,462407068,MitchelMetzger
1.73E+18,Wed Nov 29 22:58:58 +0000 2023,0,thinming about the champy pickle kit o bought off tiktok shop. i cant wait for it to Arrive,1.73E+18,,,en,he/they/it,0,0,0,https://x.com/alliumduel/status/1729998414027379060,1.31824E+18,alliumduel
1.73E+18,Wed Nov 29 22:54:02 +0000 2023,0,I need for @tiktok_us (Shop) to partner with @amazon these shipping times are outrageous ,1.73E+18,,,en,creating memories 💋,0,0,0,https://x.com/amor_kristen/status/1729997174249844804,1.632E+18,amor_kristen
1.73E+18,Wed Nov 29 22:53:23 +0000 2023,6,do not develop a tiktok shop addiction do not develop a tiktok shop addiction do not develop a tiktok shop addiction do not develop a tiktok shop addiction do not develop a tiktok shop addiction do not develop a tiktok shop addiction do not develop a tiktok shop addiction,1.73E+18,,,en,22 white lesbian any prns,0,2,0,https://x.com/danhowellmilf/status/1729997009937989725,1.10998E+18,danhowellmilf
1.73E+18,Wed Nov 29 22:52:20 +0000 2023,1, Grateful for @jibreeltalkscomics' glowing review of my award-winning sci-fi graphic novel ANANKE: The Prologue! Big thanks Jibreel! Dive into the adventure in my TikTok shop and online store. Link in bio! Let's support indie comics together! #scifi #comics https://t.co/9ke1sBhn2Z,1.73E+18,https://pbs.twimg.com/ext_tw_video_thumb/1729996529958637568/pu/img/s8Vswcn29KIzt0MK.jpg,,en,"Brooklyn, NY",0,0,0,https://x.com/AnankeComic/status/1729996744790843562,7.83444E+17,AnankeComic
1.7299E+18,Wed Nov 29 22:48:30 +0000 2023,0,@Alphafox78 I love it. I d buy that in your TikTok shop. ,1.73E+18,,Alphafox78,en,"Albany, GA",0,0,0,https://x.com/jamiebertram/status/1729995782495895836,313141824,jamiebertram
1.73E+18,Wed Nov 29 22:46:55 +0000 2023,0,went on tt to find a good place to get workout clothes and it sent me to the tiktok shop. like i never been so fed up,1.73E+18,,,en,nowhere,0,0,0,https://x.com/yakiraaaah/status/1729995380165636527,1.24069E+18,yakiraaaah
1.72999E+18,Wed Nov 29 22:41:09 +0000 2023,0,@TikTokSupport my product at Tiktok shop got randomly frozen. Your appeal process is super frustrating with no direction at all on where I got it wrong. I understand that you will protect the platform from bad actors but my shop's health score was excellent before this. Help!,1.72999E+18,,TikTokSupport,en,,0,9,0,https://x.com/benjagiu/status/1729993930438000711,1016368356,benjagiu
1.72999E+18,Wed Nov 29 22:40:36 +0000 2023,0,Check out Iterling's Wellness Shop's video! #TikTok https://t.co/qj7MVlhT0r,1.72999E+18,,,en,"Beverly Hills, CA",0,0,0,https://x.com/CarolJo57090155/status/1729993793179656408,706369530,CarolJo57090155
1.72998E+18,Wed Nov 29 22:28:38 +0000 2023,0,@LUCIFERS_RATS I could order you a 20 cent ring from TikTok shop if you want,1.72999E+18,,demon_clinic,en,Jolyne  MXN + BLK + NATIVE,0,0,0,https://x.com/zaythemain/status/1729990779358351799,1.52632E+18,zaythemain
1.72996E+18,Wed Nov 29 20:46:00 +0000 2023,19,November 29 2023 | #CandiceKing on TikTok. You won't ever want to take off this scarf Shop at https://t.co/mB84yqbLvy https://t.co/stMkaPo691,1.72996E+18,https://pbs.twimg.com/ext_tw_video_thumb/1729964911076204544/pu/img/T-E5pe4-upVrU_7G.jpg,,en,,0,0,2,https://x.com/ckingdaily/status/1729964952415322500,1.13971E+18,ckingdaily
1.72996E+18,Wed Nov 29 20:45:39 +0000 2023,1,I'm going to be honest as much as I love the OG map. This season overall was disappointing. No LTMs we only got 1 remix skin in the shop more tiktok emotes etc etc not to mention the shop ended up breaking multiple times. Like they could of brought back an LTM once per week https://t.co/I5tCibyDCM,1.72996E+18,https://pbs.twimg.com/media/GAIR2BkWcAAGoQb.jpg,,en,,0,0,0,https://x.com/NotWeirdness/status/1729964864028696996,1.24953E+18,NotWeirdness
1.72995E+18,Wed Nov 29 20:42:32 +0000 2023,1,@ibadeniji2013 i hate how every tiktok on my fyp is tiktok shop like idrc i came to laugh,1.72996E+18,,ibadeniji2013,en,19,0,0,0,https://x.com/afroebony105291/status/1729964080029413500,1.55886E+18,afroebony105291
1.72996E+18,Wed Nov 29 20:36:53 +0000 2023,0,Also what trips me out is people throw shade about things until they build the following to do the EXACT same thing that you re doing . I ve seen people bash TikTok Shop only to turn around and do it once they hit 5k and see it s easy money . I CAN NOT,1.72996E+18,,JoyyUnSpeakable,en,United States,0,0,0,https://x.com/JoyyUnSpeakable/status/1729962657451544732,297868335,JoyyUnSpeakable
1.72996E+18,Wed Nov 29 20:34:43 +0000 2023,0,It's TikTok Shop's first Christmas and shoppers are torn between hot deals and ethics https://t.co/iUlBK4MCYH,1.72996E+18,,,en,"Savannah, GA",0,0,0,https://x.com/CarinWig/status/1729962112900878814,3953627112,CarinWig
1.72996E+18,Wed Nov 29 20:34:16 +0000 2023,0,@ecom_alpha Shockingly they didn t take all the reviews from the brand and put them on its site,1.72996E+18,,ecom_alpha,en,Ready to learn more? 👉,0,1,0,https://x.com/jackie_startok/status/1729961999788839161,1.43024E+18,jackie_startok
1.72996E+18,Wed Nov 29 20:33:57 +0000 2023,0,why did tiktok decided to have a shop,1.72996E+18,,,en,"she, 15, edtwt",0,0,0,https://x.com/kittythrash/status/1729961918427762899,1.47667E+18,kittythrash
1.72996E+18,Wed Nov 29 20:32:14 +0000 2023,4,Do they got lexapro on the TikTok shop,1.72996E+18,,,en,Monster High,0,1,0,https://x.com/bitchtaculer/status/1729961488365056036,1.5672E+18,bitchtaculer
1.72996E+18,Wed Nov 29 20:32:08 +0000 2023,492,.@NICKIMINAJ just to put it out you can contact TikTok so you can sell #PinkFriday2 Vinyls CDs and cassettes on your Tiktok Shop. You can also go live to make it official and availability of the items can show on the live and people can buy it while you re on live https://t.co/nRY1OoXKdp,1.72996E+18,https://pbs.twimg.com/media/GAIOxtrWoAAFWVR.jpg,,en,,8,32,109,https://x.com/OnikaPoppin/status/1729961461605421336,1.08328E+18,OnikaPoppin
1.72996E+18,Wed Nov 29 20:28:45 +0000 2023,1,This store just ripped the fairy light spirit tree ad from Twinkling Tree and started running it as ad on Twitter Even the ad description is the same https://t.co/oirQdD0ZfX,1.72996E+18,https://pbs.twimg.com/media/GAIOAdUWEAA7fAY.jpg,,en,Ready to learn more? 👉,0,1,0,https://x.com/jackie_startok/status/1729960611344220585,1.43024E+18,jackie_startok
1.72996E+18,Wed Nov 29 20:13:28 +0000 2023,2,TikTok shop is my weakness ,1.72996E+18,,,en,"Hounslow, London",0,0,0,https://x.com/NikitaBasi/status/1729956763917566380,9.18505E+17,NikitaBasi
1.72995E+18,Wed Nov 29 20:11:18 +0000 2023,1,@ibadeniji2013 I be on tiktok shop bad they need to take it away,1.72996E+18,,ibadeniji2013,en,,0,0,0,https://x.com/jakkedoff/status/1729956220784590962,8.17476E+17,jakkedoff
1.72969E+18,Wed Nov 29 20:10:32 +0000 2023,0,@YippSkippy @Newegg Hey @YippSkippy ! I'm very sorry to hear your experience with us in regards to our TikTok shop side. Can you forward me your order info via DM please? Thank you!,1.72996E+18,,YippSkippy,en,Southern California,0,1,0,https://x.com/NeweggService/status/1729956025904881779,605869732,NeweggService
1.72995E+18,Wed Nov 29 20:07:40 +0000 2023,1,@emilyotfinowski I tried but didn t let me because. The answer was I already used my personal details to register 1 account and I can t have another one with the same details ,1.72996E+18,,emilyotfinowski,en,United Kingdom ,0,0,0,https://x.com/MihaelaUgc/status/1729955304924758300,1.6085E+18,MihaelaUgc
1.72996E+18,Wed Nov 29 20:06:44 +0000 2023,4,Dang I wish tiktok shop had a way to promote ios apps ecom on tiktok is on another level right now,1.72996E+18,,,en,Grow Your App:,0,1,0,https://x.com/Petertaughtme/status/1729955071180583111,610166397,Petertaughtme
1.72995E+18,Wed Nov 29 20:01:49 +0000 2023,7,This is how I imagine things from TikTok shop will be,1.72995E+18,,,en,,0,0,0,https://x.com/MilkyLazarus/status/1729953831289815247,96811467,MilkyLazarus
1.72995E+18,Wed Nov 29 20:00:24 +0000 2023,0,Idk how to ship from TikTok shop. I m confused ,1.72995E+18,,,en,"Raleigh, NC",0,0,0,https://x.com/_tweetmae/status/1729953478552813817,2821051644,_tweetmae
1.72995E+18,Wed Nov 29 19:59:34 +0000 2023,1,I need to set up TikTok shop but lazy and boomer with technical things lol,1.72995E+18,,,en,"Portland, OR",0,0,0,https://x.com/misoandtofuu/status/1729953265826025577,1.33947E+18,misoandtofuu
1.72995E+18,Wed Nov 29 19:59:01 +0000 2023,0,@reesymac @tiktok_us I told ava im still doing my research ok tiktok shop and you just told me all i need to know ,1.72995E+18,,reesymac,en,"Chicago, IL",0,1,0,https://x.com/DrDeeJay13/status/1729953128936591705,91016706,DrDeeJay13
1.72995E+18,Wed Nov 29 19:55:06 +0000 2023,1,TikTok shop finally got me.,1.72995E+18,,,en,,0,1,0,https://x.com/Thats_So_Groce/status/1729952142901813550,634238206,Thats_So_Groce
1.72995E+18,Wed Nov 29 19:54:07 +0000 2023,1,Imma start putting not interested on tiktok shop ads cuz my fyp is literally just 90% ads now,1.72995E+18,,,en,any pronouns ,0,0,0,https://x.com/Minimcchill/status/1729951896922927508,1.27093E+18,Minimcchill
1.72995E+18,Wed Nov 29 19:53:56 +0000 2023,0,I want the TikTok shop gone! It s ruining TikTok.,1.72995E+18,,,en,,1,0,4,https://x.com/sheeniexo/status/1729951848298140101,168853001,sheeniexo
1.72987E+18,Wed Nov 29 19:53:41 +0000 2023,0,@FineGael @X @elonmusk and that's why i don't have an account with TikTok or Meta,1.72995E+18,,FineGael,en,Amsterdam ,0,0,0,https://x.com/DogeShop1/status/1729951786520269140,1.38786E+18,DogeShop1
1.72995E+18,Wed Nov 29 19:49:02 +0000 2023,0,I think @tiktok_us shop got me...I been waiting on my scrubber thing for damn near a month and no info has been updated since 11/4,1.72995E+18,,,en,Home,0,2,0,https://x.com/reesymac/status/1729950614917128398,103487276,reesymac
1.72995E+18,Wed Nov 29 19:45:37 +0000 2023,2,SHOP https://t.co/tw3ZUdoSHr AND MORE! ON TIKTOK AT #DAWSONMOFFICIAL #RYSE #ELUCIDBLENDS AND MORE! Code DAWSON to save! https://t.co/e17PdUNSxl,1.72995E+18,https://pbs.twimg.com/ext_tw_video_thumb/1729949699363471360/pu/img/NxPHswT31Xu2Xfyu.jpg,,en,Arizona ,0,0,2,https://x.com/Just_Julie77/status/1729949754904461605,1.49049E+18,Just_Julie77
1.72982E+18,Wed Nov 29 19:44:18 +0000 2023,0,@_P34chyF1zz_ SHIT it made it to TikTok shop ,1.72995E+18,,djetwater4,en,✫Bmi 20✫starving september ✫,0,1,0,https://x.com/djetwater4/status/1729949425630580774,1.55896E+18,djetwater4
1.72967E+18,Wed Nov 29 19:42:32 +0000 2023,1,@risorins i've stopped using the app because i accidentally swipe to tiktok shop and get ten BILLION ads,1.72995E+18,,risorins,en,SF┆MORE COSPLAYS ➜,0,1,0,https://x.com/serinide/status/1729948980535308304,3107673643,serinide
1.72992E+18,Wed Nov 29 19:38:16 +0000 2023,0,@tcgtraderhaven TikTok is extremely strict on ship days. They will auto cancel orders. But we wanted customers to capitalize on coupons from TikTok so we bought product just for TikTok. Not all of it sold so I ll use it to start filling the other orders from website:),1.72995E+18,,poke_trav,en,"Houston, TX",0,0,0,https://x.com/SakurasCardShop/status/1729947905757180343,1.42655E+18,SakurasCardShop
1.72992E+18,Wed Nov 29 19:36:26 +0000 2023,2,@tcgtraderhaven The ones we have coming tomorrow we ordered like 2 days ago and specified those will be for tiktok orders so we don t get in trouble by tiktok. We paid a higher price for those to arrive tomorrow and Friday. We have 25 cases arriving between those 2 days. 15 of those cases will,1.72995E+18,,poke_trav,en,"Houston, TX",0,1,0,https://x.com/SakurasCardShop/status/1729947444656369827,1.42655E+18,SakurasCardShop
1.72995E+18,Wed Nov 29 19:35:17 +0000 2023,0,Tiktok shop taking all my money ,1.72995E+18,,,en,"Philadelphia, PA",0,1,0,https://x.com/Iam_Chamerah/status/1729947154301505751,343655044,Iam_Chamerah
1.72993E+18,Wed Nov 29 19:33:27 +0000 2023,3,@AndyCollectz Thank God I got some OP03 around $100/ea from TikTok shop lol. But yeah I ve opened 1x OP01 &amp; 3x OP02 BBs. I ll miss those moments gonna have to settle for sleeved packs in the wild instead.,1.72995E+18,,AndyCollectz,en,,0,1,0,https://x.com/SirBosch/status/1729946695092392082,1.28979E+18,SirBosch
1.72995E+18,Wed Nov 29 19:32:17 +0000 2023,0,Shop #Tiktok? Find us @krshopcharms #Shoecharms #sportfans,1.72995E+18,,,en,"Las Vegas, NV",0,0,0,https://x.com/LocalguideKR/status/1729946402401481210,1.67167E+18,LocalguideKR
1.72995E+18,Wed Nov 29 19:31:13 +0000 2023,19,How exciting i haven t really been pay attention because I had low views on the videos but I made my first sale on TikTok shop! For the video I of course did an organic approach! #ugc #ugccommunity #ugccreator #tiktokshop https://t.co/ffqzKP6w5O,1.72995E+18,https://pbs.twimg.com/media/GAIA1pUXYAAoU1j.jpg,,en,,0,7,0,https://x.com/ugcbyantonica/status/1729946133080739992,1.19775E+18,ugcbyantonica
1.72994E+18,Wed Nov 29 19:25:53 +0000 2023,2441,a tiktok comment asked me why i draw so much vampire!alhaitham and i replied WITH THE TRUTH saying that my gf asked me to draw it and they were like yeah sure i believe that WHAT DO YOU MEAN DO I SEEM BITCHLESS TO YOU,1.72994E+18,,,en,they/them,1,13,78,https://x.com/inebyoonei/status/1729944792191136225,1.68864E+18,inebyoonei
1.72994E+18,Wed Nov 29 19:23:34 +0000 2023,0,NBA Leader: 30.7 PPG INJURED Chris Paul comes out to tell Steph something he saw: SHOP OUR MERCH: https://t.co/4KY3Xq2z02 Follow our Instagram: https://t.co/HU2pBddJ4Q Follow our TikTok: https://t.co/5rLpVEIXFo... https://t.co/4czdsLtMTO https://t.co/sfFFsBA7cx,1.72994E+18,,,en,"Boise, ID",0,0,2,https://x.com/Spicy_NBA_Chili/status/1729944207446675853,7.72813E+17,Spicy_NBA_Chili
1.72994E+18,Wed Nov 29 19:15:23 +0000 2023,0,Atp I need to just delete the whole TikTok app TikTok shop is taking all my money ,1.72994E+18,,,en,"Roanoke, VA",0,0,0,https://x.com/Shamyraaa1/status/1729942146872942745,9.87182E+17,Shamyraaa1
1.72994E+18,Wed Nov 29 19:13:32 +0000 2023,1,1. Pricey lager 2. Any shop other than Aldi/Lidl 3. Costume do's 4. Rugby 5. Cricket 6. Jaffa cakes 7. Tiktok 8. Strictly 9. Barcelona 10. Centre parcs,1.72994E+18,,,en,Costa del Morecambe,0,1,0,https://x.com/Bucko56789/status/1729941680466391304,1.54434E+18,Bucko56789
1.72994E+18,Wed Nov 29 19:07:46 +0000 2023,0,Check out Shop Catalog's video! #TikTok https://t.co/aKf5zXS76D,1.72994E+18,,,en,,0,0,0,https://x.com/maceyeng/status/1729940230147572068,1.46704E+18,maceyeng
1.72994E+18,Wed Nov 29 19:07:18 +0000 2023,1,People will claim to stand on business and the business in question is tiktok shop.,1.72994E+18,,,en,,0,1,0,https://x.com/alex_7953/status/1729940112547500331,7.62395E+17,alex_7953
1.72994E+18,Wed Nov 29 19:06:28 +0000 2023,4,We still have them for $75 if ya got your coupons ‍️ Tiktok only #ShinyTreasures https://t.co/fIaFNdXNkY https://t.co/IRvxltDdpu,1.72994E+18,https://pbs.twimg.com/media/GAH7LKoXcAAcXhu.jpg,,en,"Denton, TX",0,4,1,https://x.com/DotsCardShop/status/1729939904644161978,1.65269E+18,DotsCardShop
1.72994E+18,Wed Nov 29 19:00:37 +0000 2023,0,How TikTok Shop won brands and customers during Black Friday/Cyber Monday. https://t.co/1MMm60DHAo,1.72994E+18,,,en,"New York, NY",0,0,0,https://x.com/glossyco/status/1729938430027550787,4919476503,glossyco
1.72994E+18,Wed Nov 29 18:56:09 +0000 2023,1,tiktok shop really got me,1.72994E+18,,,en,where there's food,0,0,0,https://x.com/casualsweettee/status/1729937307250114787,35321322,casualsweettee
1.72994E+18,Wed Nov 29 18:55:16 +0000 2023,1,Still haven t been paid from @tiktok_us shop. This is unacceptable,1.72994E+18,,,en,,0,0,0,https://x.com/JonnyPokeCards/status/1729937083702374433,1.44232E+18,JonnyPokeCards
1.72994E+18,Wed Nov 29 18:48:30 +0000 2023,0,TikTok shop got me with that damn brush. I folded after seeing shorty brush thru that matted kanekalon with ease,1.72994E+18,,,en,Chicago westsider,0,0,0,https://x.com/Reeseamaru_/status/1729935381309669507,9.07094E+17,Reeseamaru_
1.72993E+18,Wed Nov 29 18:42:30 +0000 2023,0,TikTok shop definitely be getting me lmao,1.72993E+18,,,en,Wish A Bitch Woods,0,0,0,https://x.com/aarienelaine/status/1729933870752059643,246480441,aarienelaine
1.72993E+18,Wed Nov 29 18:38:54 +0000 2023,66,Helped my dad grow his toothpaste company. It s now available on Amazon Etsy &amp; Tiktok Shop. I was able to stop working freelance and he moved from an apt into a house. https://t.co/BluNoEBbik,1.72993E+18,https://pbs.twimg.com/media/GAH03cwWUAAc9BC.jpg,,en,,0,17,3,https://x.com/coverartmatters/status/1729932968582418616,8.58079E+17,coverartmatters
1.72993E+18,Wed Nov 29 18:38:17 +0000 2023,1,Just window shopping on the TikTok shop ,1.72993E+18,,,en,,0,1,0,https://x.com/BeyDonnisha/status/1729932810897482222,1.32882E+18,BeyDonnisha
1.72993E+18,Wed Nov 29 18:35:38 +0000 2023,9,Last night's TikTok Shop Masterclass by @KyndhalUGC was SO FIRE The info was top tier and the way I didn't know I couldn't promote alcohol on TikTok Shop and now know is She does have a playback of the class too if you couldn't make it 4.5 HOURS of info &amp; Q&amp;A.,1.72993E+18,,,en,"Arkansas, USA",1,1,0,https://x.com/socially_britt/status/1729932144108089400,1.61724E+18,socially_britt
1.7298E+18,Wed Nov 29 18:35:09 +0000 2023,1,@sociallygin I m telling you Amazon will feel this because the only thing standing between TikTok shop and level of success of Amazon is warehouses full of products on the US soil so that they are at your doorstep the next day!,1.72993E+18,,sociallygin,en,"California, USA",0,0,0,https://x.com/ugcpreneur/status/1729932023471689944,1.58948E+18,ugcpreneur
1.72993E+18,Wed Nov 29 18:28:47 +0000 2023,0,I got soo much stuff in my cart on Tiktok shop I ordered something today &amp; we ll see how it goes because if it goes smoothly I m going crazy ,1.72993E+18,,,en,,0,1,0,https://x.com/__cartelceo/status/1729930420190335167,1.28059E+18,__cartelceo
1.72993E+18,Wed Nov 29 18:22:22 +0000 2023,1,TikTok shop be having shit on there for $11 that be costing 100 how,1.72993E+18,,,en,510akland,0,1,0,https://x.com/Bluemoneyrahj/status/1729928805098385800,101565041,Bluemoneyrahj
1.72991E+18,Wed Nov 29 18:16:27 +0000 2023,1,@mothbottoms No judgment here I bet it s cute af. I got a book box (twice) bc of tiktok but I went to the creator s website page instead of using the Shop. I also got something I can t reveal yet bc it s a Christmas present I ll dm it to you later lol,1.72993E+18,,mothbottoms,en,,0,0,0,https://x.com/Neveah03/status/1729927315675615348,2387987150,Neveah03
1.72993E+18,Wed Nov 29 18:09:16 +0000 2023,0,tiktok shop gon take all my money istg i just be doing shit,1.72993E+18,,,en,"Atlanta, GA",0,0,0,https://x.com/modiposa/status/1729925509629268251,7.34869E+17,modiposa
1.72992E+18,Wed Nov 29 17:50:44 +0000 2023,6,oooo bitch if I would have know TikTok shop had all these deals I would have been on that bitch,1.72992E+18,,,en,,0,0,0,https://x.com/joco4loco/status/1729920844154204246,1.48481E+18,joco4loco
1.7299E+18,Wed Nov 29 17:44:48 +0000 2023,1,@Isabella_ugc101 You are very brave!!! ,1.72992E+18,,Isabella_ugc101,en,United Kingdom ,0,0,0,https://x.com/MihaelaUgc/status/1729919351283761242,1.6085E+18,MihaelaUgc
1.72992E+18,Wed Nov 29 17:33:51 +0000 2023,1,Why do ppl hate Temu when that s literally what TikTok shop is?!,1.72992E+18,,,en,Why? ,0,0,1,https://x.com/iAm_DomiB/status/1729916594262823109,89796072,iAm_DomiB
1.72992E+18,Wed Nov 29 17:32:02 +0000 2023,4,back to back $1.5k day with tiktok shop going to triple down and aim for mars,1.72992E+18,,,en,,0,1,0,https://x.com/MasonLewis00/status/1729916138723930334,1.67084E+18,MasonLewis00
1.72992E+18,Wed Nov 29 17:29:33 +0000 2023,6,Spotted some Angel numbers on one of my tiktok shop videos I love finding signs 5555 is drastic change and 44 means you re on the correct path https://t.co/wmC2KypwH7,1.72992E+18,https://pbs.twimg.com/media/GAHk_ZcW8AAjyfw.jpg,,en,"Louisiana, USA",0,1,0,https://x.com/karondekreates/status/1729915514774761588,1.60275E+18,karondekreates
1.72992E+18,Wed Nov 29 17:28:19 +0000 2023,9,The amount of lives being changed by TikTok shop rn is crazy. Brands blowing up affiliates making $1000 in commission in a single day Crazy,1.72992E+18,,,en,"Fort Lauderdale, FL",0,3,0,https://x.com/ryanr_ecom/status/1729915204899684481,7.49455E+17,ryanr_ecom
1.72982E+18,Wed Nov 29 17:25:30 +0000 2023,0,@tearsfallout @_P34chyF1zz_ tiktok shop been a thing for like a year now maybe,1.72991E+18,,tearsfallout,en,ugw 42kg ⊹ ࣪ ˖,0,1,0,https://x.com/kyookcal/status/1729914492916539612,1.46802E+18,kyookcal
1.72991E+18,Wed Nov 29 17:23:17 +0000 2023,2,I feel like such a braindead loser but the tiktok shop got me today,1.72991E+18,,,en,,0,0,0,https://x.com/kxlynnreese/status/1729913937171484985,3133526563,kxlynnreese
1.72991E+18,Wed Nov 29 17:20:50 +0000 2023,3,Indie booksellers we have the most magical bookmarks available for #RuthlessVows the sequel to Sunday Times bestselling TikTok sensation Divine Rivals! Get in touch now to request a bookmark pack for your shop! Bookmarks will be dispatched in January ahead of publication https://t.co/JL5D7WjgCw,1.72991E+18,https://pbs.twimg.com/media/GAHirj6XwAAl9R5.jpg,,en,Instagram: @Indie_Thinking,0,0,0,https://x.com/IndieThinking/status/1729913322491813984,208430986,IndieThinking
1.72991E+18,Wed Nov 29 17:17:08 +0000 2023,2,Okay TikTok I m tired of your scammy ass shop. Leave me aloneeeee I just wanna laugh,1.72991E+18,,,en,,0,0,0,https://x.com/beanbean56/status/1729912388252541323,2521124235,beanbean56
1.72991E+18,Wed Nov 29 17:13:38 +0000 2023,1,Idk the TikTok shop might be on to sum,1.72991E+18,,,en,"Detroit, MI",0,0,0,https://x.com/mookhavin/status/1729911506500796873,8.36223E+17,mookhavin
1.72991E+18,Wed Nov 29 17:06:53 +0000 2023,7,fuck TikTok Shop finally got me,1.72991E+18,,,en,"Atlanta, GA",0,4,0,https://x.com/mothbottoms/status/1729909808172552486,1.57049E+18,mothbottoms
1.72991E+18,Wed Nov 29 17:06:38 +0000 2023,0,Is today going to be the day I sell my soul to the TikTok shop?! ,1.72991E+18,,,en,,0,0,0,https://x.com/angieptx20/status/1729909745849393645,1.29186E+18,angieptx20
1.72991E+18,Wed Nov 29 16:58:24 +0000 2023,0,https://t.co/SKNccb0OTn Houston Happens -TikTok food critic helps struggling Pearland dessert shop Tech the Halls and more,1.72991E+18,,,en,"Houston, TX",0,0,0,https://x.com/CW39Houston/status/1729907675503186267,259832379,CW39Houston
1.72989E+18,Wed Nov 29 16:57:33 +0000 2023,0,@mikesalguero Not trying to be a troll but why does this thread feel like it s written by a ghostwriter? You could add some personal touch to this!,1.72991E+18,,mikesalguero,en,Ready to learn more? 👉,0,0,0,https://x.com/jackie_startok/status/1729907462113788016,1.43024E+18,jackie_startok
1.7297E+18,Wed Nov 29 16:53:49 +0000 2023,0,@Brittingham1 That packaging is lovely ️,1.72991E+18,,Brittingham1,en,Ready to learn more? 👉,0,1,0,https://x.com/jackie_startok/status/1729906523424366622,1.43024E+18,jackie_startok
1.72991E+18,Wed Nov 29 16:47:57 +0000 2023,2,The tiktok shop clothing sellers that go live must be on crack,1.72991E+18,,,en,,0,0,0,https://x.com/goldengur1/status/1729905043275395236,435183153,goldengur1
1.7299E+18,Wed Nov 29 16:45:00 +0000 2023,2,How China took over the world s online shopping carts Chinese e-commerce platforms like Shein Temu and TikTok Shop are going global with big ambitions. https://t.co/TJVYFUSpeE,1.7299E+18,,,en,,0,1,0,https://x.com/jamestown0123/status/1729904303274344954,1435125739,jamestown0123
1.7299E+18,Wed Nov 29 16:43:33 +0000 2023,0, Attention #SkinCare Lovers! Our TikTok Shop Skyn Royale is now live! Don't miss out on the exclusive 30% off coupon - follow us now! #SkincareRoutine #BeautySecrets #TikTokShop #ExclusiveOffer https://t.co/SQxsvQrt6B,1.7299E+18,https://pbs.twimg.com/ext_tw_video_thumb/1729903911392137216/pu/img/G1EzWuzjGzekycIy.jpg,,en,"Milwaukee, WI",1,0,1,https://x.com/SkynRoyale/status/1729903939686908029,93292993,SkynRoyale
1.7299E+18,Wed Nov 29 16:36:15 +0000 2023,0,I will not order nothing else on tiktok shop again.,1.7299E+18,,,en,"Paris,France",0,0,0,https://x.com/Jass_Nicole/status/1729902102581817766,333033525,Jass_Nicole
1.7299E+18,Wed Nov 29 16:27:53 +0000 2023,1,i think this is the best thing ive ever seen on tiktok shop https://t.co/p8FHulRTiu,1.7299E+18,https://pbs.twimg.com/media/GAHW33dWUAEnMqo.jpg,,en,"he/star/xe, 17, priv when 💤",0,0,0,https://x.com/atinyification/status/1729899996433051993,1.68138E+18,atinyification
1.7299E+18,Wed Nov 29 16:25:46 +0000 2023,6,Re-listened to the $SE conference call today. I have no position. The fear is TikTok Shop growing fast in SE Asia. https://t.co/MWise5trVB,1.7299E+18,https://pbs.twimg.com/media/GAHWZEcbwAA_4DQ.jpg,,en,The world,0,1,0,https://x.com/torovictorioso/status/1729899463207182455,1.32713E+18,torovictorioso
1.7299E+18,Wed Nov 29 16:24:28 +0000 2023,0,the tiktok shop delivers fast. I ordered on the 25th and my package is already coming today ,1.7299E+18,,,en,So CAL 8),0,0,0,https://x.com/skeeBadu/status/1729899135267151912,155052241,skeeBadu
1.7299E+18,Wed Nov 29 16:23:18 +0000 2023,0,i ordered something from the tiktok shop why is it in Jamaica ,1.7299E+18,,,en,,0,0,0,https://x.com/nicegyalsandy/status/1729898840801632423,2894786421,nicegyalsandy
1.7299E+18,Wed Nov 29 16:21:38 +0000 2023,0,succumbed to the pressure and ordered from tiktok shop but now my fyp will not let up please i don t want more,1.7299E+18,,,en,they/them,0,1,0,https://x.com/filthyslutchai/status/1729898422298411177,9.7015E+17,filthyslutchai
1.7299E+18,Wed Nov 29 16:19:26 +0000 2023,0,The shop tab on TikTok looks like it would give your phone a virus,1.7299E+18,,,en,East Methuselah,0,0,0,https://x.com/IamCamia/status/1729897869505606103,165533172,IamCamia
1.7299E+18,Wed Nov 29 16:13:34 +0000 2023,4,I was influenced to buy a perfume off TikTok shop and it smells like vape juice ,1.7299E+18,,,en,California,0,0,0,https://x.com/essencerx/status/1729896391978434701,2775316422,essencerx
1.72989E+18,Wed Nov 29 16:12:01 +0000 2023,2,Note we aren't supposed to do pre-orders on TikTok but it's free money for the community. If you buy from there be prepared to receive a delayed shipping notice.,1.7299E+18,,moxiecardshop,en,"Iowa, USA",0,0,0,https://x.com/moxiecardshop/status/1729896000213455002,1.6406E+18,moxiecardshop
1.7299E+18,Wed Nov 29 16:11:34 +0000 2023,0,Ordered my girls everything they wanted off the TikTok shop.. only got a few more things to get,1.7299E+18,,,en,"Macon, GA",0,0,0,https://x.com/LacheeJ/status/1729895888212877472,252617252,LacheeJ
1.72988E+18,Wed Nov 29 15:25:27 +0000 2023,0,I wanna buy something from the tiktok shop but idk,1.72988E+18,,,en,,0,0,0,https://x.com/Chynanyshe/status/1729884284662784304,635001197,Chynanyshe
1.72988E+18,Wed Nov 29 15:23:27 +0000 2023,1,I need to stop buying things off TikTok shop,1.72988E+18,,,en,Alaska,0,0,0,https://x.com/lifeoflakeisha/status/1729883778703864251,1196318113,lifeoflakeisha
1.72988E+18,Wed Nov 29 15:20:00 +0000 2023,1,Indie publisher @Legend_Times_ has reported 'unprecedented success' since the launch of its TikTok Shop in early 2023 https://t.co/IbbJ3y16ci (£) https://t.co/ln5j7bmmyl,1.72988E+18,https://pbs.twimg.com/media/GAGFEn0XkAA4Yn5.jpg,,en,London,0,0,1,https://x.com/BookBrunch/status/1729882910629544252,139400573,BookBrunch
1.72988E+18,Wed Nov 29 15:15:44 +0000 2023,15,How I made 10k+ this month while still taking a week off Only accepting deals that match my rates Upselling packages to clients Working with repeat clients Consistent posting for my personal brand Trying out TikTok Shop #UGC #ugccommunity,1.72988E+18,,,en,"San Diego, CA",0,1,1,https://x.com/lorraemarketing/status/1729881840067256329,1.52266E+18,lorraemarketing
1.72988E+18,Wed Nov 29 15:14:46 +0000 2023,0,i added my card on TikTok shop ,1.72988E+18,,,en,,0,0,0,https://x.com/katguel/status/1729881595711193559,1.17724E+18,katguel
1.72988E+18,Wed Nov 29 15:13:54 +0000 2023,2,TikTok critic Keith Lee leaves $2K tip for struggling dessert shop owner during Houston visit https://t.co/95hUVEbuue via @houstonchron,1.72988E+18,,,en,Houston,0,0,1,https://x.com/MelissAguilar/status/1729881378655998193,14272300,MelissAguilar
1.72988E+18,Wed Nov 29 15:13:43 +0000 2023,0,It s lookin like a TikTok shop christmas for everybody,1.72988E+18,,,en,Ꙩ⛧,0,0,0,https://x.com/malevlntshrine/status/1729881330610307564,1.6217E+18,malevlntshrine
1.72988E+18,Wed Nov 29 15:13:35 +0000 2023,0,Just finished this new painting Halo of Organized Chaos. It's a 12-in abstract geometric painting on canvas and it's available in all my shops. Visit https://t.co/gq18QOjaKQ or LUMLifeArt on Amazon Etsy Ebay Mercari Facebook Instagram or TikTok Shop https://t.co/znHJfzdIme,1.72988E+18,https://pbs.twimg.com/ext_tw_video_thumb/1729880485281832960/pu/img/YiqZEuFmUhcaWpMl.jpg,,en,Massachusetts,0,0,0,https://x.com/LUMLifeArt/status/1729881297752138121,1.64798E+18,LUMLifeArt
1.72988E+18,Wed Nov 29 15:10:50 +0000 2023,0,Check out Kandis Sweet Shop's video! #TikTok https://t.co/4N1ETjkvMV,1.72988E+18,,,en,,0,0,0,https://x.com/Shrita3Shrita/status/1729880604450394239,2906643891,Shrita3Shrita
1.72988E+18,Wed Nov 29 15:10:14 +0000 2023,0,Check out Kandis Sweet Shop's video! #TikTok https://t.co/CZYdFdumD3,1.72988E+18,,,en,,0,0,0,https://x.com/Shrita3Shrita/status/1729880453996585258,2906643891,Shrita3Shrita
1.72988E+18,Wed Nov 29 15:09:30 +0000 2023,0,Check out Aumkanda Shop's video! #TikTok https://t.co/U3mp0gqCbE,1.72988E+18,,,en,,0,0,0,https://x.com/tto111254053/status/1729880271053562046,1.72203E+18,tto111254053
1.72988E+18,Wed Nov 29 15:04:31 +0000 2023,0,I wanna order this off tiktok shop but i just dnt trust shit https://t.co/htp6gCFozC,1.72988E+18,https://pbs.twimg.com/media/GAHDystasAAscnv.jpg,,en,Why you looking for me ? ,0,1,0,https://x.com/lilmishh_/status/1729879014045777958,1.43822E+18,lilmishh_
1.72988E+18,Wed Nov 29 15:03:15 +0000 2023,36,Now here we are and it s all over tiktok that the original ugg website was sold to an American company and in order to get authentic uggs you now have to go to uggsince1974. I knew I wasn t tripping. So yeah don t shop on regular ugg site you gone get some bricks lol #FYI,1.72988E+18,,,en,,4,5,7,https://x.com/__SmiZZ/status/1729878696335687739,2679179547,__SmiZZ
1.72988E+18,Wed Nov 29 14:59:44 +0000 2023,2,Lines or Stripes https://t.co/FPUeSsRril #tshirts #Sales #Shoes #fashion #shop #top #Popular #trend #style #pride #Amazing #Doodles #Japan #東京 #Tokyo #日本 #日本語 #Kyoto #Japanese #Europe #Kanagawa #Otaku #lines #stripes #teespring #leggings #hoodies #TikTok #TikTokライブ,1.72988E+18,,,en,,0,1,2,https://x.com/basprokz/status/1729877813380165812,1465576124,basprokz
1.72988E+18,Wed Nov 29 14:59:32 +0000 2023,2,I m not buying shit off tiktok shop y all got that fr,1.72988E+18,,,en,Lost in my mind,0,0,0,https://x.com/JumpinLikeJordd/status/1729877759986741413,168019413,JumpinLikeJordd
1.72988E+18,Wed Nov 29 14:56:21 +0000 2023,0,TikTok shop got me in a real bad chokehold ,1.72988E+18,,,en,,0,0,0,https://x.com/xoShmev/status/1729876959143034937,1.01534E+18,xoShmev
1.72988E+18,Wed Nov 29 14:56:20 +0000 2023,1,@ugc_byizzy Yeah! Set up as a business account and then after got to the 3 lines and go to TikTok shop for creator and follow prompts xx,1.72988E+18,,ugc_byizzy,en,London,0,1,0,https://x.com/StephanietUGC/status/1729876957654106599,1.61539E+18,StephanietUGC
1.72988E+18,Wed Nov 29 14:55:32 +0000 2023,0,I won t lie TikTok shop be getting me ,1.72988E+18,,,en,On Your Mind!,0,0,0,https://x.com/PrettyAssMaw_/status/1729876755270508904,485327774,PrettyAssMaw_
1.72988E+18,Wed Nov 29 14:54:03 +0000 2023,0,Tiktok shop ain t finna worry me,1.72988E+18,,,en,St Louis ,0,0,0,https://x.com/iBeJassssss/status/1729876380316483851,1.08972E+18,iBeJassssss
1.72954E+18,Wed Nov 29 14:50:17 +0000 2023,2,@BowTiedTamarin It could be that TikTok Shop is being pushed over external links to Shopify right now. ChiCom stuff,1.72988E+18,,BowTiedTamarin,en,Degen Island,0,2,0,https://x.com/BowTiedMando/status/1729875435218203091,195927111,BowTiedMando
1.72988E+18,Wed Nov 29 14:50:06 +0000 2023,1,Trying to figure out this whole TikTok shop thing️ Does anyone have any tips at all? #ugc #UGC #ugccommunity #UGCcreator #ugccreators #ugccontentcreator #ugcuk #ugcjourney,1.72988E+18,,,en,"East Midlands, England",0,2,0,https://x.com/ugc_byizzy/status/1729875388770468210,1.04133E+18,ugc_byizzy
1.72988E+18,Wed Nov 29 14:49:25 +0000 2023,0,So what s the deal with tiktok shop. This stuff is dirt cheap what s the catch. I don t understand does it just take like 35 years to deliver?,1.72988E+18,,,en,"Omaha, NE",0,3,0,https://x.com/bwightsidee/status/1729875214287442252,1.2245E+18,bwightsidee
1.72987E+18,Wed Nov 29 14:47:59 +0000 2023,1,Shop the best educational books and toys for your kids here at TP Kids. SHOPEE https://t.co/dFKiWS3FEa TIKTOK https://t.co/vd3td7ulpE,1.72987E+18,,teampayamankids,en,Laguna,0,0,1,https://x.com/teampayamankids/status/1729874852918817223,1.56011E+18,teampayamankids
1.72987E+18,Wed Nov 29 14:43:55 +0000 2023,5,Woke up to a tiktok shop video gaining traction and immediately filmed some videos to reply to the comments to keep the traction going all day ,1.72987E+18,,,en,"Louisiana, USA",0,0,0,https://x.com/karondekreates/status/1729873831035314362,1.60275E+18,karondekreates
1.72987E+18,Wed Nov 29 14:39:27 +0000 2023,0,My mama called me to sing Happy Birthday but been on a 20 minute rant about the damn TikTok shop. Girlahhhh,1.72987E+18,,,en,,0,0,0,https://x.com/UhLeeSeeYah/status/1729872708320809160,46794619,UhLeeSeeYah
1.72987E+18,Wed Nov 29 14:38:05 +0000 2023,2,@SiennaFaria A dream! We need TikTok shop!!,1.72987E+18,,SiennaFaria,en,Canada,0,0,0,https://x.com/ugcbyemilie/status/1729872361783275960,1.6944E+18,ugcbyemilie
1.72987E+18,Wed Nov 29 14:30:18 +0000 2023,0,@chron is keeping a close eye on all of Keith Lee's restaurants! Last night the TikTok star visited a Pearland dessert shop tipping the owner $2000 on the spot. read more about his thoughts here: https://t.co/KGNjmYNLPG,1.72987E+18,,chron,en,HTINE,0,0,0,https://x.com/oop_echeng/status/1729870404716728664,1.42517E+18,oop_echeng
1.72987E+18,Wed Nov 29 14:17:57 +0000 2023,1,I got mine from TikTok shop but here y all go on Amazon ,1.72987E+18,,,en,❤️🦬💙,0,1,0,https://x.com/isha_symone/status/1729867295881867346,4867689869,isha_symone
1.72987E+18,Wed Nov 29 14:14:59 +0000 2023,0,Agencies: we 100x client's performance during BFCM this year No one: performance slowed down completely yesterday and this morning,1.72987E+18,,,en,Ready to learn more? 👉,0,0,0,https://x.com/jackie_startok/status/1729866551506215374,1.43024E+18,jackie_startok
1.72987E+18,Wed Nov 29 14:14:41 +0000 2023,0,Have yall ever ordered off TikTok shop!? ,1.72987E+18,,,en,,0,1,0,https://x.com/BrionnaBlue/status/1729866475551219853,456359941,BrionnaBlue
1.72986E+18,Wed Nov 29 14:07:47 +0000 2023,0,tiktok shop done got me again https://t.co/mgSdPSdlcb,1.72986E+18,https://pbs.twimg.com/media/GAG2znIaMAA6qBS.jpg,,en,"Atlanta, GA",0,0,0,https://x.com/imnotkelhoe/status/1729864736198807792,1.28505E+18,imnotkelhoe
1.72986E+18,Wed Nov 29 14:06:05 +0000 2023,3,Funny cause I remember I didn t want a tiktok. Then I was like okay it s not bad and I get to make my content vids but now? With the tiktok shop it makes me dislike it all over again! ,1.72986E+18,,,en,"Bronx, NY",0,0,0,https://x.com/theQueen__J/status/1729864310610858209,100161068,theQueen__J
1.72986E+18,Wed Nov 29 14:06:00 +0000 2023,0,Considering getting your brand and products set up on TikTok shop? If you're not then you are missing out on a million and one new leads and buying opportunities! Here is everything you need to know about TikTok Shops and how to create one ⬇️ https://t.co/tCjB6rRAbV,1.72986E+18,,,en,"London, UK ",0,0,0,https://x.com/flick_social/status/1729864288259756035,1.26239E+18,flick_social
1.72887E+18,Wed Nov 29 14:04:55 +0000 2023,1,@4DCardShop @xxEL_Dukexx Well I get mine tomorrow and I have until the 7th at least to ship based on tiktok I did a test sale to make sure. BUT there s a VERY VERY easy way around it all.,1.72986E+18,,4DCardShop,en,"Houston, TX",0,1,0,https://x.com/SakurasCardShop/status/1729864014552076485,1.42655E+18,SakurasCardShop
1.72887E+18,Wed Nov 29 14:03:56 +0000 2023,0,@SakurasCardShop @xxEL_Dukexx You re brave for putting yours up already. I won t till they are in hand. Tiktok is big time about making sure they are scanned at the post office or they refund. Wish you all the best ,1.72986E+18,,SakurasCardShop,en,"Stephens City, VA",0,1,0,https://x.com/4DCardShop/status/1729863768941924622,1.50878E+18,4DCardShop
1.72986E+18,Wed Nov 29 14:02:56 +0000 2023,0,f you want to make good money with TikTok shop focus on a problem solving product high commission and easy to demonstrate. Go about it the same way as you would for organic content recreate winning videos in same niche. I wouldn t take anything lower than a $6 commission.,1.72986E+18,,,en,AI,0,0,0,https://x.com/andrefounder/status/1729863515396264271,7.50715E+17,andrefounder
1.72986E+18,Wed Nov 29 13:45:01 +0000 2023,6,Olian releases a statement against hate on campus women's ice hockey wins fourth-straight Nutmeg Classic and the problem with TikTok Shop all that and much more in this week's print issue: https://t.co/OmcufOtUor,1.72986E+18,,,en,"Hamden, Connecticut",0,0,2,https://x.com/QUChronicle/status/1729859010415706119,16017205,QUChronicle
1.72986E+18,Wed Nov 29 13:35:35 +0000 2023,0,finally succumbed to buying something off tiktok shop,1.72986E+18,,,en,,0,0,0,https://x.com/yoomatttie/status/1729856632392122627,1.03141E+18,yoomatttie
1.72986E+18,Wed Nov 29 13:32:25 +0000 2023,9,TikTok critic Keith Lee gives a rave review and leaves $2K tip for struggling dessert shop owner https://t.co/d9fiDm0aKh,1.72986E+18,,,en,"Houston, TX",1,2,2,https://x.com/HoustonChron/status/1729855837512913330,8940342,HoustonChron
1.72985E+18,Wed Nov 29 13:28:50 +0000 2023,0,lol I done order this light to take pictures with from the TikTok shop. I just wanted to try the shop out.,1.72985E+18,,,en,,0,0,0,https://x.com/TooMuchMona_/status/1729854935666168306,2886151019,TooMuchMona_
1.72968E+18,Wed Nov 29 13:23:47 +0000 2023,0,@sierraugc Hi Sierra I just DM you,1.72985E+18,,sierraugc,en,United Kingdom ,0,0,0,https://x.com/MihaelaUgc/status/1729853663445692848,1.6085E+18,MihaelaUgc
1.72985E+18,Wed Nov 29 13:13:19 +0000 2023,0,Tiktok shop takes forever to ship i will never order off there again,1.72985E+18,,,en,,0,0,0,https://x.com/ItgirlB_/status/1729851029078802521,3384829612,ItgirlB_
1.7298E+18,Wed Nov 29 13:13:16 +0000 2023,3,@ugcpreneur So far so good!! Especially commission wise..I ve made more in the month and half than a whole year on AMZ,1.72985E+18,,ugcpreneur,en,Virginia,0,2,0,https://x.com/sociallygin/status/1729851019385815216,1.62333E+18,sociallygin
1.72985E+18,Wed Nov 29 13:10:29 +0000 2023,0,Can't believe people are still sleeping on TikTok Shop. Brought my client into the top 10% of all shops on TikTok this month ‍️ https://t.co/2W6u7DuQvd,1.72985E+18,https://pbs.twimg.com/media/GAGpqsiXcAA9iIa.png,,en,LET'S WORK TOGETHER →,0,0,0,https://x.com/Evan_Hand/status/1729850317259395351,336145425,Evan_Hand
1.72985E+18,Wed Nov 29 12:54:42 +0000 2023,0,Christmas gift #ankh #bracelet #eye #man #shop #SmallBusiness #Christmas #custom #FolloMe #Facebook #TikTok #TikTokライブ #instagram #godsgiventouch https://t.co/H4zOSZN2xV,1.72985E+18,https://pbs.twimg.com/ext_tw_video_thumb/1729846287078436864/pu/img/U3RYFDfP8jgegOY8.jpg,,no,"Florida, USA",0,0,0,https://x.com/BrooksIndie/status/1729846346675298580,2964122902,BrooksIndie
1.72985E+18,Wed Nov 29 12:54:20 +0000 2023,8,i bought of tiktok shop again https://t.co/dgbAI5oqVK,1.72985E+18,https://pbs.twimg.com/ext_tw_video_thumb/1433852816418738182/pu/img/5KWEkKj2Bh4pmSMJ.jpg,,en,"Massachusetts, USA",0,2,0,https://x.com/etoile_online/status/1729846253310054501,2358525686,etoile_online
1.72985E+18,Wed Nov 29 12:52:51 +0000 2023,1,I m genuinely tired of hearing about TikTok shop ,1.72985E+18,,,en,Wakanda,0,0,4,https://x.com/_lesismore19/status/1729845881652826337,1.1766E+18,_lesismore19
1.72984E+18,Wed Nov 29 12:31:39 +0000 2023,0,oh my god i just opened tiktok and my phone bluetooth connected to the earbuds that are downstairs on the shop floor because i left them open,1.72984E+18,,,en,she/her ,0,0,0,https://x.com/tastywerewolf/status/1729840545374044493,20360226,tastywerewolf
1.72984E+18,Wed Nov 29 12:27:04 +0000 2023,25,Hi Czennies! NEO CITY : SEOUL - THE UNITY inspired shirt is now available on ARTSELLE! grab one now for as low as Php399 ️ AVAILABLE ON SHOPEE TIKTOK SHOP AND ETSY! ️ #NCT127 #NEOCITY #NEOCITY_THE_UNITY #NCT127_NEOCITY_THE_UNITY https://t.co/TmEWCXjztI,1.72984E+18,https://pbs.twimg.com/media/GAGfwhEaIAAS5dq.jpg,,en,,1,2,2,https://x.com/artselleph/status/1729839391261040910,1.33331E+18,artselleph
1.72984E+18,Wed Nov 29 12:25:33 +0000 2023,1,Available now️ Alternative Lightstick and Ticket Slab for #FOLLOW_TOUR_BULACAN #SEVENTEENinBULACAN Available Here Shopee https://t.co/wcIS4GDwVD TikTok Shop https://t.co/keF9yG0vea #SEVENTEEN #세븐틴 #SVT_TOUR_FOLLOW #FOLLOW #FOLLOW_TO_BULACAN https://t.co/VsDnoIN733,1.72984E+18,https://pbs.twimg.com/ext_tw_video_thumb/1729838943871598592/pu/img/GRlWbkxUcW-AA83K.jpg,,en,"Lungsod ng Pasig, Pambansang P",2,1,1,https://x.com/whatthekraftsph/status/1729839008836952147,1.65939E+18,whatthekraftsph
1.72984E+18,Wed Nov 29 12:23:12 +0000 2023,0,#dacia Duster official sketches #TikTok https://t.co/vFD8g38Tla,1.72984E+18,,,en,uk,0,0,0,https://x.com/my_e_shop/status/1729838416643207540,870439015,my_e_shop
1.72983E+18,Wed Nov 29 11:52:39 +0000 2023,1,I m so over TikTok shop. I m over the shop! I got the sweatsuit y all been talking about. Chile I know damn well y all can t be fitting in that XXL comfortably cause wtf,1.72983E+18,,,en,"Orlando,FL",0,0,0,https://x.com/ItsJasDarling/status/1729830729356354033,233938238,ItsJasDarling
1.72983E+18,Wed Nov 29 11:48:55 +0000 2023,3,buying something from tiktok shop is actually so humiliating,1.72983E+18,,,en,"kent, england",0,0,1,https://x.com/ilovepheeb/status/1729829791832928607,1.22068E+18,ilovepheeb
1.72983E+18,Wed Nov 29 11:38:25 +0000 2023,1,tiktok shop is doing stanley cups for like £15 btw girlies,1.72983E+18,,,en,"Cardiff, Wales",0,0,0,https://x.com/dannyssmile_/status/1729827149551427622,3156969718,dannyssmile_
1.72959E+18,Wed Nov 29 11:37:49 +0000 2023,4,@Eon_qwq This drawing is a repost of an idea I had a few months ago so you probably saw that akrjsk I posted it on TikTok and twitter already I was just thinking abt this idea again ,1.72983E+18,,Eon_qwq,en,they/them,0,1,0,https://x.com/inebyoonei/status/1729826998514569521,1.68864E+18,inebyoonei
1.72983E+18,Wed Nov 29 11:37:10 +0000 2023,1,The best collaboration you can have when you have man flu. TikTok shop #ugccreators #ugccommunity #tiktokshop https://t.co/cbu0FsECCA,1.72983E+18,https://pbs.twimg.com/amplify_video_thumb/1729826762488516608/img/SM5e1OzH4DWVSo9S.jpg,,en,"Stevenage, East",0,1,0,https://x.com/UGCWolfpack/status/1729826835301544057,1.57834E+18,UGCWolfpack
1.72983E+18,Wed Nov 29 11:34:13 +0000 2023,0,TikTok shop you won! https://t.co/x6jpDJ3SpA,1.72983E+18,https://pbs.twimg.com/media/GAGTqVxWEAAveOW.jpg,,en,"London, England",0,0,0,https://x.com/jjxdie/status/1729826092066726216,179607622,jjxdie
1.72982E+18,Wed Nov 29 11:07:18 +0000 2023,0,New Episode Now Live! TikTok: TikTok Shop Affliates 101 with Amelia Tranter FordeBaker #ecommercemarketing Listen &amp; learn! https://t.co/wabnnSKAFs https://t.co/q6HjAoZE4K,1.72982E+18,https://pbs.twimg.com/media/GAGNfz4WsAAy9wA.jpg,,en,Cornwall - UK - The World,0,0,0,https://x.com/keepoptimising/status/1729819318408409403,1.12648E+18,keepoptimising
1.72982E+18,Wed Nov 29 11:03:00 +0000 2023,1,Indie publisher @Legend_Times_ has reported 'unprecedented success' since the launch of its TikTok Shop in early 2023 https://t.co/IbbJ3y1E1Q (£) https://t.co/mloj3kBefQ,1.72982E+18,https://pbs.twimg.com/media/GAGE_0iWIAA4hgn.jpg,,en,London,0,0,0,https://x.com/BookBrunch/status/1729818235133132832,139400573,BookBrunch
1.72953E+18,Wed Nov 29 10:50:59 +0000 2023,0,@AaronJNosbisch @drinkbrez @iamshackelford @avinkline Honestly you could do well by buying some informative UGC content to upload own TikTok page with TikTok shop active: - This just made drinking obsolete. - Come join me trying out Brez. Your product is novel enough to gain decent traction.,1.72982E+18,,AaronJNosbisch,en,,0,0,0,https://x.com/EntropicEmber/status/1729815211941507143,1.60806E+18,EntropicEmber
1.72981E+18,Wed Nov 29 10:45:00 +0000 2023,1,https://t.co/GSiq1VEP5D Slowly getting the hang of being in front of camera again and actually enjoying being part of the content. If you enjoyed the video and want to buy a smartwatch also can Visit the Good Gear store at https://t.co/7RMNeKMtYS or find us on TikTok shop,1.72981E+18,,,en,Malaysia,0,0,0,https://x.com/wernshen/status/1729813704814862480,23549887,wernshen
1.72981E+18,Wed Nov 29 10:43:09 +0000 2023,9,It s 12% off via Tiktok Shop!! Long lasting perfume! Oil based https://t.co/31rCyxIfjN https://t.co/KnTyJIe51Y,1.72981E+18,https://pbs.twimg.com/ext_tw_video_thumb/1729813132183502848/pu/img/gn_t78OQiAGwKTVt.jpg,,en, ☁️ Bulacan | Quezon City ,0,0,2,https://x.com/garenaguinaldo_/status/1729813242032116175,94784637,garenaguinaldo_
1.72972E+18,Wed Nov 29 10:38:23 +0000 2023,0,@ugcemilyrose Is still an enigma for me too. When I put the link my videos barely get any views . It s like TikTok doesn t want my content out When I don t put the link I have better views. Strange,1.72981E+18,,contentwemily,en,United Kingdom ,0,0,0,https://x.com/MihaelaUgc/status/1729812038937870728,1.6085E+18,MihaelaUgc
1.72938E+18,Wed Nov 29 10:36:34 +0000 2023,1,@SiennaFaria @ugcaprilrose I agree!,1.72981E+18,,SiennaFaria,en,United Kingdom ,0,0,0,https://x.com/MihaelaUgc/status/1729811583751123170,1.6085E+18,MihaelaUgc
1.72981E+18,Wed Nov 29 10:36:16 +0000 2023,5,Another parcel was delivered yesterday. I didn t got the chance to open it yet. I m getting busy and I love it #ugccreatorsneeded #ugcuk #ihcmarketing #ugc https://t.co/1cPQRJmzyd,1.72981E+18,https://pbs.twimg.com/media/GAGGZfOXkAA5U9D.jpg,,en,United Kingdom ,0,0,0,https://x.com/MihaelaUgc/status/1729811509306335354,1.6085E+18,MihaelaUgc
1.72978E+18,Wed Nov 29 10:33:39 +0000 2023,1,@Paul0970 It s from tiktok shop so it s probably got them in there ,1.72981E+18,,Paul0970,en,Scotland ,0,1,0,https://x.com/KellyBlackx/status/1729810848779034999,211176971,KellyBlackx
1.72981E+18,Wed Nov 29 10:30:50 +0000 2023,0,PRShots Digest - News from New Look L Occitane Natural Baby Shower Wilko Leem and M&amp;S. Plus getting the most out of TikTok Shop fashion retailers predict the trends for 2024-5-6 how Berksha aims to cut returns with AI &amp; more https://t.co/c1qTd85HXP Image: Fable England https://t.co/eOW57ZdpZ1,1.72981E+18,https://pbs.twimg.com/media/GAGFJ8xXMAARbqV.jpg,,en,London,0,0,0,https://x.com/PRShotsonline/status/1729810139371225309,29738596,PRShotsonline
1.7298E+18,Wed Nov 29 10:27:53 +0000 2023,1,@kushgrwl @NilChristopher Yes it is a very well written article. They have brilliant articles on Shein and Tiktok shop as well,1.72981E+18,,kushgrwl,en,"London, England",0,0,0,https://x.com/sadsadpanini/status/1729809400250945669,81156111,sadsadpanini
1.72956E+18,Wed Nov 29 10:23:08 +0000 2023,0,@pot8um you are not alone....it's frustrating my shop got deactivated without reasons....did they finally reach out and try helping u?,1.72981E+18,,pot8um,en,California,0,0,0,https://x.com/Bo23K309DKL02/status/1729808203699917238,1.58602E+18,Bo23K309DKL02
1.7298E+18,Wed Nov 29 10:05:04 +0000 2023,1,hopeless here my tiktok shop is deactivated without legit explanation...our appeal was rejected for no reasons...where can i search for help? @TikTokSupport,1.7298E+18,,,en,California,0,2,0,https://x.com/Bo23K309DKL02/status/1729803654490620143,1.58602E+18,Bo23K309DKL02
1.72955E+18,Wed Nov 29 09:52:05 +0000 2023,0,@TikTokBusiness who should I talk to if my tiktok shop got deactivated and my appeal failed. your customer service couldn't provide any explanation...it's disappointing and irresponsible for you to do that to sellers...,1.7298E+18,,TikTokBusiness,en,California,0,1,0,https://x.com/Bo23K309DKL02/status/1729800389967388772,1.58602E+18,Bo23K309DKL02
1.72924E+18,Wed Nov 29 09:48:18 +0000 2023,0,@tiktok_us i wish you guys could spend more time taking care of your tiktok shop sellers.... our shop is deactivated without legit reasons or explanation... nobody is replying to our appeal as well... it's so sad tiktok shop being so irresponsible,1.7298E+18,,tiktok_us,en,California,0,2,0,https://x.com/Bo23K309DKL02/status/1729799437457768487,1.58602E+18,Bo23K309DKL02
1.72709E+18,Wed Nov 29 09:44:56 +0000 2023,0,@tiktok_us @_PesoPluma you guys suck. tiktok banned our shop without any reason and explanation. it's so irresponsible! please give our shop back!!!,1.7298E+18,,tiktok_us,en,California,0,0,0,https://x.com/Bo23K309DKL02/status/1729798587670774179,1.58602E+18,Bo23K309DKL02
1.7298E+18,Wed Nov 29 09:41:40 +0000 2023,0,As a small business I'd like to share how frustrating and disappointing to do business on Tiktok Shop. Recently Tiktok deactivated our shop without clear reasons. They rejected your appeal without explaining. How cruel and irresponsible! @tiktok_us @TikTokSupport @TikTokHelp,1.7298E+18,,,en,California,0,6,0,https://x.com/Bo23K309DKL02/status/1729797766841323755,1.58602E+18,Bo23K309DKL02
1.7298E+18,Wed Nov 29 09:33:32 +0000 2023,8,I think TikTok shop will eat Amazon for dinner in 2024. ‍️. Thoughts? #tiktokshop #AmazonInfluencers #ugc #ugccommunity #ugccreators,1.7298E+18,,,en,"California, USA",0,3,0,https://x.com/ugcpreneur/status/1729795722474672377,1.58948E+18,ugcpreneur
1.72979E+18,Wed Nov 29 09:21:22 +0000 2023,0,Lihat video Tribunpadang Shop! #TikTok https://t.co/ZwpaTz9iAF,1.72979E+18,,,in,,0,0,0,https://x.com/AbuSyau01021716/status/1729792659676450873,1.58941E+18,AbuSyau01021716
1.72979E+18,Wed Nov 29 09:14:20 +0000 2023,0,New today on @keepoptimising I'm chatting to Amelia Tranter Mastering TikTok Shop and Affiliate Marketing! #ecommercetips Listen now for free: https://t.co/eNzClRLcpL,1.72979E+18,,,en,"Cornwall, UK, the World",0,0,1,https://x.com/chloethomasecom/status/1729790890850365813,20784524,chloethomasecom
1.72979E+18,Wed Nov 29 09:08:13 +0000 2023,2,i caved and bought a pickle kit off tiktok shop. acid reflux bouta hit me hard,1.72979E+18,,itssjimena,en,portal,0,0,0,https://x.com/itssjimena/status/1729789347686162925,8.97679E+17,itssjimena
1.7297E+18,Wed Nov 29 09:00:02 +0000 2023,0,@sopevision Tiktok shop is better than Amazon for me ,1.72979E+18,,sopevision,en,수원씨,0,1,0,https://x.com/Minty00ngie/status/1729787288802955684,1.71091E+18,Minty00ngie
1.72979E+18,Wed Nov 29 08:56:49 +0000 2023,0,The TikTok shop got me ,1.72979E+18,,,en,,0,0,0,https://x.com/hey_yenne/status/1729786480728408092,2326732093,hey_yenne
1.72978E+18,Wed Nov 29 08:33:08 +0000 2023,2,When finals are coming up but I m just thinking abt my tiktok shop packages https://t.co/Tf4B7tqZC5,1.72978E+18,https://pbs.twimg.com/media/GAFqNyObwAAM5U0.jpg,,en,,0,0,0,https://x.com/LiewSaefong/status/1729780520605675726,1.15791E+18,LiewSaefong
1.72977E+18,Wed Nov 29 07:57:51 +0000 2023,10,TikTok has become so dystopian. Imma throw up Give gifts and enjoy the girls dancing DUDE WASN T THIS A KIDS APP?! https://t.co/9BCx7cNx8H,1.72977E+18,https://pbs.twimg.com/media/GAFiI09W0AAouO_.jpg,,en,German Small Business,0,2,0,https://x.com/TheBunBunShop/status/1729771642442666313,1.14444E+18,TheBunBunShop
1.72977E+18,Wed Nov 29 07:36:53 +0000 2023,0,Annyeong! This is my start up shop for budols! Thank you for supporting my small business! Tiktok live/acct: @monbebecartph sells: #monbebecartphsells updates: #monbebecartph_update feedback: #thanksmonbebecartph mod: lbc j&amp;t tiktok c/o,1.72977E+18,,,en,National Capital Region,0,0,0,https://x.com/monbebecartph/status/1729766366532542700,1.72975E+18,monbebecartph
1.72973E+18,Wed Nov 29 07:36:17 +0000 2023,1,@BCanary1412 Every other video is stupid TikTok shop BS. It s so frustrating.,1.72977E+18,,BCanary1412,en,United States,0,0,0,https://x.com/eldergoosey/status/1729766215403413946,1.49618E+18,eldergoosey
1.72977E+18,Wed Nov 29 07:34:05 +0000 2023,0,Why my bd done locked his card on me he said why tf you keep ordering shit from tiktok shop &amp; wtf is salt xo ,1.72977E+18,,,en,,0,2,0,https://x.com/Dxaaliyah/status/1729765658424996024,9.77248E+17,Dxaaliyah
1.71043E+18,Wed Nov 29 07:25:45 +0000 2023,0,KNOCKED LOOSE MOTHER FUCKER‼️ (i was too lazy to take a pic of it)+radiohead shirt from TikTok shopits surprisingly decent but its like a vinyl sheet not screen printing or anything https://t.co/t0xTkVgllh,1.72976E+18,https://pbs.twimg.com/media/GAFaymbWcAA_9hG.jpg,swissrat_,en,20 // bi // he/they,0,1,0,https://x.com/swissrat_/status/1729763563328209347,1.28576E+18,swissrat_
1.72976E+18,Wed Nov 29 07:21:05 +0000 2023,0,Tiktok shop be having some nice shit lol,1.72976E+18,,,en,"Simi Valley, CA",0,0,0,https://x.com/linzeyhoehan/status/1729762388449112201,2460315265,linzeyhoehan
1.72886E+18,Wed Nov 29 07:04:45 +0000 2023,0,@contentbytayika @ugcwithgretel omg really? oh man i need to get on tiktok shop fr before it falls off,1.72976E+18,,contentbytayika,en,,0,0,0,https://x.com/xtynasocial/status/1729758276521197870,1.72378E+18,xtynasocial
1.72976E+18,Wed Nov 29 07:04:43 +0000 2023,14,If you re NOT making $10K/mo STOP DROPSHIPPING. There are too many skills to learn. This is what you SHOULD do instead: Make a tiktok account. Post tiktoks. Post better tiktoks. Hit 5k followers. Promote products on tiktok shop. Earn commissions. ‍️ https://t.co/RRxbft1PdO,1.72976E+18,https://pbs.twimg.com/media/GAFV-pLWMAEM-Nx.jpg,,en,,0,3,1,https://x.com/DavdHuerta/status/1729758269793501234,1.70201E+18,DavdHuerta
1.72976E+18,Wed Nov 29 07:00:01 +0000 2023,7, Zoom in at these Cargo Straight Fit Trousers (975771) in Mint Green and Blush. Stylish comfortable and functional. Need we say more? Shop in #PENSHOPPE stores nationwide or online at https://t.co/dMvf4gQJ5g. 🇵🇭 Also available on Shopee Lazada Zalora and Tiktok Shop. https://t.co/sz4hyLNnEl,1.72976E+18,https://pbs.twimg.com/ext_tw_video_thumb/1729683278712684544/pu/img/U4uyBAMz1J2zMjtj.jpg,,en,,0,0,2,https://x.com/PENSHOPPE/status/1729757087461515465,21185473,PENSHOPPE
1.72976E+18,Wed Nov 29 07:00:00 +0000 2023,3,Why settle for less when you can have it all at an amazing price! Unlock amazing specs and big discounts when you buy #SPARK20C on Lazada Shopee and Tiktok Shop. Lazada: https://t.co/ZOL6gvKCq7 Shopee: https://t.co/6xdQHWVLxc Tiktok: https://t.co/MVuKhrAFVo #TECNOPhilippines https://t.co/ccIIb1MLQN,1.72976E+18,https://pbs.twimg.com/media/GAEh5iraMAABnAI.jpg,,en,,0,0,0,https://x.com/Tecnomobileph/status/1729757081526497625,1.26739E+18,Tecnomobileph
1.72975E+18,Wed Nov 29 06:50:59 +0000 2023,0,Tiktok got me in a chokehold i done ordered somethin off the shop ,1.72975E+18,,,en,,0,0,0,https://x.com/ItgirlB_/status/1729754812734996920,3384829612,ItgirlB_
1.72975E+18,Wed Nov 29 06:43:15 +0000 2023,0,fs. 40.5k ffs with 1.5m likes tta &amp; 22.9k ffs with 502.0k likes tta - can change name - can do tiktok live - with tiktok shop - 3.3m highest views for the 40k ffs / 2.9m highest views for the 22.9k ffs - can change all details - 100% ph based - 100% organic ffs dm if interested https://t.co/6rqfbk95yo,1.72975E+18,https://pbs.twimg.com/media/GAFREFmbEAAT6DJ.jpg,,en,,0,0,0,https://x.com/acadsbymissm/status/1729752867387420902,1.35553E+18,acadsbymissm
1.72975E+18,Wed Nov 29 06:39:40 +0000 2023,0,#VictoriaGomez | Let your chic vibes flow with our ladies Corduroy collection designed just for you! Head over to https://t.co/kBn3aBFCue Shopee: https://t.co/wOv8Y2DU9w Lazada: https://t.co/DSuOqJkH3R Zalora and at TikTok shop to check out ️ https://t.co/38L3mYV3bz,1.72975E+18,https://pbs.twimg.com/media/GAFQPMQbkAAp-Ku.jpg,,en,"Diliman Quezon City, Ph",0,1,0,https://x.com/team_digitalph/status/1729751964601274433,1.45766E+18,team_digitalph
1.72975E+18,Wed Nov 29 06:34:06 +0000 2023,0,tiktok shop shit take forever to come,1.72975E+18,,,en,,0,0,0,https://x.com/imoni_shanyai/status/1729750564576116951,1.25559E+18,imoni_shanyai
1.72975E+18,Wed Nov 29 06:32:58 +0000 2023,0,TikTok Shop: three retailers nailing social commerce https://t.co/YzHz5lYo1z,1.72975E+18,,,en,"London, England",0,0,0,https://x.com/RetailWeek/status/1729750280764264866,16052613,RetailWeek
1.72975E+18,Wed Nov 29 06:27:20 +0000 2023,1,Shop the best educational books and toys for your kids here at TP Kids. SHOPEE https://t.co/dFKiWS37OC TIKTOK https://t.co/vd3td7tNA6,1.72975E+18,,teampayamankids,en,Laguna,0,0,1,https://x.com/teampayamankids/status/1729748859906064884,1.56011E+18,teampayamankids
1.72975E+18,Wed Nov 29 06:26:03 +0000 2023,2,tiktok shop got me today im ashamed but i had to be honest,1.72975E+18,,,en,they/them,0,0,0,https://x.com/s0hcahtoa/status/1729748537527722317,1.10375E+18,s0hcahtoa
1.72975E+18,Wed Nov 29 06:22:09 +0000 2023,0,Ima stop asking y all questions. This why I love TikTok. Y all useless. Bye.,1.72975E+18,,,en,,0,0,0,https://x.com/excusemyKARIZMA/status/1729747557885116767,1013986772,excusemyKARIZMA
1.72973E+18,Wed Nov 29 06:14:06 +0000 2023,1,@BCanary1412 I m almost convinced it s just TikTok s shit algorithm and the holidays. They re pushing the TikTok shop hard. I guarantee after they make their money through the holidays views will go back to normal.,1.72975E+18,,BCanary1412,en,United States,0,1,0,https://x.com/eldergoosey/status/1729745531633623427,1.49618E+18,eldergoosey
1.7276E+18,Wed Nov 29 06:12:57 +0000 2023,1,@TubinMonkey TikTok s algorithm has been fucked since the pushed TikTok shop right before the holidays. I m convinced and then everyone s shit will go back to normal after the holidays. It s a marketing tactic.,1.72975E+18,,TubinMonkey,en,United States,0,1,0,https://x.com/eldergoosey/status/1729745242897736039,1.49618E+18,eldergoosey
1.72974E+18,Wed Nov 29 06:11:57 +0000 2023,0,Seriously whoever created TikTok shop is a genius but i really need to stop thinking I need everything I see ,1.72974E+18,,,en,,0,0,0,https://x.com/JennViolet8/status/1729744991835042229,1.06256E+18,JennViolet8
1.72866E+18,Wed Nov 29 06:10:46 +0000 2023,1,@flyshionlykb bitch them shits 4cent on tiktok shop,1.72974E+18,,flyshionlykb,en,"Atlanta, GA",0,1,0,https://x.com/brokeasf462/status/1729744690696663531,1.66411E+18,brokeasf462
1.72974E+18,Wed Nov 29 06:08:48 +0000 2023,0,Yall be buyin from tiktok shop?,1.72974E+18,,,en,,0,2,0,https://x.com/Tams0129/status/1729744197178032201,1.63513E+18,Tams0129
1.72974E+18,Wed Nov 29 06:04:30 +0000 2023,0,Lmao I m gonna do all my Christmas shopping on Temu and the TikTok shop,1.72974E+18,,,en,"Yuma, AZ",0,0,0,https://x.com/t4wnya/status/1729743115588661757,419899062,t4wnya
1.7296E+18,Wed Nov 29 05:52:20 +0000 2023,0,@DraculVT Literally There s no reason a Polaroid camera can print out full color images and be the size of a keychain for $12 on TikTok shop but to print a google doc for my job I have to wrestle a 500lb monster that shatters if I breathe near it,1.72974E+18,,DraculVT,en,she/her,0,0,0,https://x.com/Nekomancy_ENV/status/1729740052421390449,1.35315E+18,Nekomancy_ENV
1.72969E+18,Wed Nov 29 05:45:36 +0000 2023,0,@GodMuvaX have u tried posting up on tiktok? or tiktok shop?,1.72974E+18,,utopianyarn_,en,,0,1,0,https://x.com/visionnaireess/status/1729738361135419708,1.50845E+18,visionnaireess
1.72974E+18,Wed Nov 29 05:43:46 +0000 2023,5,Wtf is this TikTok shop shit and why are these my recommended deals lmaoooo https://t.co/ek4ZHhIJOq,1.72974E+18,https://pbs.twimg.com/media/GAFDcppXsAEuEaB.jpg,,en,"Lowcountry, SC ",0,2,0,https://x.com/WillTalksBall/status/1729737897836716363,2198321369,WillTalksBall
1.72974E+18,Wed Nov 29 05:35:05 +0000 2023,0,It s annoying yea but the best way to make them TikTok shop videos more bearable is to find a niche that you really like and keep searching/clicking on those products on the Shop tab. Now I barely see random stuff just hair and beauty stuff.,1.72974E+18,,,en,,0,0,0,https://x.com/uAintSpecialHo/status/1729735711832592427,16244323,uAintSpecialHo
1.72973E+18,Wed Nov 29 05:30:17 +0000 2023,1,the worst thing to happen to @tiktok_us was the shop it s one big fucking infomercial app now,1.72973E+18,,,en,Daddys Home,0,0,0,https://x.com/TheDrDubz/status/1729734505328439666,496752775,TheDrDubz
1.72973E+18,Wed Nov 29 05:28:56 +0000 2023,42,Wowza - I just finished my 2nd TikTok Shop Masterclass! 4.5 Hours of solid GOLDDDDDD Thanks to everyone who came :),1.72973E+18,,,en,"Houston, Texas",1,9,1,https://x.com/KyndhalUGC/status/1729734163501085075,1.59122E+18,KyndhalUGC
1.72973E+18,Wed Nov 29 05:24:33 +0000 2023,0,TikTok is sending everything I don t need at the moment.. I don t even know why I went in that TikTok shop,1.72973E+18,,,en,,0,0,0,https://x.com/Aye_DeeAlvis/status/1729733059904197110,276156407,Aye_DeeAlvis
1.72973E+18,Wed Nov 29 05:24:08 +0000 2023,0,So tiktok shop has taken over my time and i started neglecting everything else on social media i need to regulate and go back on track!,1.72973E+18,,,en,"Dallas, TX",0,0,0,https://x.com/styleindallas/status/1729732957609345369,1.51989E+18,styleindallas
1.72973E+18,Wed Nov 29 05:22:27 +0000 2023,15,Don t sleep on TikTok shop. Better than Walmart and Amazon ca as a secondary sales channel for me now If your products look good on video it s worth a shot https://t.co/B3LGrmtL7F,1.72973E+18,https://pbs.twimg.com/media/GAE-kg1XwAAai9a.jpg,,en,"Texas, USA",1,3,1,https://x.com/anthonybuitran/status/1729732532080435358,3324460963,anthonybuitran
1.72973E+18,Wed Nov 29 05:13:51 +0000 2023,11,i was basically drunk for the entirety of last wednesday through saturday and now i'm getting the most random shit i ordered off of tiktok shop black Friday sales showing up in the mail,1.72973E+18,,,en,she/her,0,0,0,https://x.com/heliumheld/status/1729730371036561532,1.32734E+18,heliumheld
1.72972E+18,Wed Nov 29 04:28:11 +0000 2023,1,IM SO FUCKIN SICK OF TIKTOK SHOP. MF feels like QVC online,1.72972E+18,,,en,Chicago,0,0,0,https://x.com/chelsechh/status/1729718877729243457,395592911,chelsechh
1.72972E+18,Wed Nov 29 04:24:25 +0000 2023,1,just saw an ornament on tiktok shop that said grinch pubes What,1.72972E+18,,,en,"21, she/they",0,0,0,https://x.com/cntylemon/status/1729717929103561020,1.40172E+18,cntylemon
1.72972E+18,Wed Nov 29 04:13:33 +0000 2023,1,URGHH I CAN'T FIND ANY FREE SHIPPING VOUCHER ON TIKTOK SHOP,1.72972E+18,,,en,Sarawak,0,0,0,https://x.com/sugaringfrhn/status/1729715192202748340,8.8333E+17,sugaringfrhn
1.72971E+18,Wed Nov 29 04:11:30 +0000 2023,0,Check out WFF News's video! #TikTok https://t.co/N6gsaHadZc Jeff Bezos is suddenly a billionaire lobbying to Dems and Republicans because @tiktok_us shop? Isn t their laws on this sorta thing it sounds like corporate monopolies have set an unacceptable precedent.,1.72971E+18,,,en,United States,0,1,0,https://x.com/KnightRaV1NNet/status/1729714676567584781,1.65678E+18,KnightRaV1NNet
1.72967E+18,Wed Nov 29 04:06:58 +0000 2023,0,@kaliiloml can t wait to use my tiktok shop coupon!,1.72971E+18,,kaliiloml,en,,0,0,0,https://x.com/jdragon_v15/status/1729713536333381763,1.30177E+18,jdragon_v15
1.72971E+18,Wed Nov 29 04:05:37 +0000 2023,1,@Cevtoons theres SO much cheap effortless content w no meaning. also i feel like the apps themselves have been leaning more towards.. making money and not satisfying users. like obviously twitter but tt has so many more ads and tiktok shop and those stupid livestreams,1.72971E+18,,okerum_,en,18; he/they/xe/kit/ae; wasian,0,1,0,https://x.com/okerum_/status/1729713198431867370,1.66083E+18,okerum_
1.7297E+18,Wed Nov 29 03:31:59 +0000 2023,1,Shop the best educational books and toys for your kids here at TP Kids. SHOPEE https://t.co/dNjJLxBZSq TIKTOK https://t.co/702k4burKo #TPKids #LearningStartsHere #EducationalBooksAndToys,1.7297E+18,,teampayamankids,en,Laguna,0,0,1,https://x.com/teampayamankids/status/1729704735509295360,1.56011E+18,teampayamankids
1.7297E+18,Wed Nov 29 03:30:21 +0000 2023,0,I recently used the tiktok shop for the first time cause I was so afraid to trust it and now my things just shipped. Let s see how this turns out ,1.7297E+18,,,en,,0,0,0,https://x.com/SinsOfAlize/status/1729704321409786173,491237397,SinsOfAlize
1.7297E+18,Wed Nov 29 03:23:18 +0000 2023,8,OH BABY! This IONO is 1000x better than the last one holyyyyy! If you still have coupons you can get Shiny Treasures for $75 on Tiktok Shop!! https://t.co/pbO5KFgZie https://t.co/hF8tC9WbXg,1.7297E+18,https://pbs.twimg.com/media/GAEjTIJXYAA6Aoi.jpg,,en,"Denton, TX",0,1,0,https://x.com/DotsCardShop/status/1729702546485215379,1.65269E+18,DotsCardShop
1.7297E+18,Wed Nov 29 03:21:48 +0000 2023,3,TikTok shop seems so sus like the insane dicsounts + small creators + big celebs all promoting it.. somethings up here,1.7297E+18,,,en,she/her | 23 | minors dni,0,2,0,https://x.com/margaretencinos/status/1729702170881077626,1.25091E+18,margaretencinos
1.7297E+18,Wed Nov 29 03:16:44 +0000 2023,0,TikTok shop is just dropping alibaba pushed by micro influencers.. prove me wrong ,1.7297E+18,,,en,"Franklin, TN",0,0,0,https://x.com/_bringsnacks/status/1729700896475320480,8.49235E+17,_bringsnacks
1.7297E+18,Wed Nov 29 03:10:14 +0000 2023,0,me to bns twt and tiktok shop,1.7297E+18,,,en,'9x • ahgacarat 💚💜,0,0,0,https://x.com/countondef/status/1729699260348641411,1.40472E+18,countondef
1.72968E+18,Wed Nov 29 03:10:08 +0000 2023,0,@daniellevntures Noob question doesn't tiktok require 5000 followers for tiktok shop first? Is there a secret way to get around that and access tiktok shop on day 1?,1.7297E+18,,daniellevntures,en,"Boston, MA",0,1,0,https://x.com/TheSteveHan/status/1729699233282826499,132342643,TheSteveHan
1.7297E+18,Wed Nov 29 03:08:02 +0000 2023,5,People so used to Amazon and Tiktok shop they don t understand the time it takes (ESPECIALLY for small businesses) to print pack and ship out orders! Ridiculous.,1.7297E+18,,,en,,0,1,1,https://x.com/autstrology/status/1729698708378313126,1.34939E+18,autstrology
1.7297E+18,Wed Nov 29 03:03:20 +0000 2023,33, closer look at the My Darling Star PC Holder on my tiktok ⭐️ https://t.co/OWRHKMNsge https://t.co/r5NMjrl3mT,1.7297E+18,https://pbs.twimg.com/media/GAEeulwaQAAH1SZ.jpg,,en,🇵🇭,1,0,0,https://x.com/rosydreamsclub/status/1729697524435354088,1.53838E+18,rosydreamsclub
1.7297E+18,Wed Nov 29 03:02:02 +0000 2023,54,SHUT THE FRONT FUCKING DOOR!!!!! I knew iono was going to be in this set. This art is BEAUTIFUL!!! Below are links to our boxes we have on TikTok and our website! Don t forget new buyers get 20% off on tiktok!! https://t.co/NxPyD2iKwZ https://t.co/Hd7ea6CMuN,1.7297E+18,,,en,"Houston, TX",0,16,3,https://x.com/SakurasCardShop/status/1729697197891915969,1.42655E+18,SakurasCardShop
1.7297E+18,Wed Nov 29 03:00:19 +0000 2023,1,Imagine if someone asks you where you got your shirt from and you have to say TIKTOK SHOP,1.7297E+18,,,en,she/her | 18 | lesbian,0,0,0,https://x.com/lustforlifebb/status/1729696766285504790,1.67865E+18,lustforlifebb
1.7297E+18,Wed Nov 29 02:55:33 +0000 2023,2,Hi ur favorite shopaholic here I ve been forgetting to show y all especially to my Nanami girls that this shop has some cute ass JJK merch They have an Etsy shop too that has more stuff but you can buy off of TikTok as well https://t.co/Bxi7fuhF21,1.7297E+18,https://pbs.twimg.com/media/GAEc0NIXcAA-wtv.jpg,,en,25 she/her,0,0,0,https://x.com/MxxdyGrizzle/status/1729695563476549994,7.5588E+17,MxxdyGrizzle
1.72955E+18,Wed Nov 29 02:52:43 +0000 2023,0,@native_algo @DailyLoud Nardo must've got his security team off TikTok Shop.,1.72969E+18,,native_algo,en,,0,0,0,https://x.com/HYP3RH3X/status/1729694852533653603,1.44057E+18,HYP3RH3X
1.72969E+18,Wed Nov 29 02:48:22 +0000 2023,1,i ordered that viral bodycon jumpsuit off tiktok shop go get you one.,1.72969E+18,,,en,,0,1,0,https://x.com/cclr99/status/1729693755542802512,532762773,cclr99
1.72969E+18,Wed Nov 29 02:46:50 +0000 2023,0,I just ordered me some stuff from Tiktok shop .. I m in too deep lol,1.72969E+18,,,en,"Chicago, IL",0,0,0,https://x.com/Jataraa__/status/1729693372896403895,1535424745,Jataraa__
1.72969E+18,Wed Nov 29 02:42:49 +0000 2023,1,@chezmoihoney what did you buy from the tiktok shop,1.72969E+18,,chezmoihoney,en,she/her 19 fl 777,0,1,0,https://x.com/cinemuppet/status/1729692360777269691,1.23816E+18,cinemuppet
1.72969E+18,Wed Nov 29 02:40:50 +0000 2023,1,cater uses tiktok shop too much. he has tried the chamoy pickle kit,1.72969E+18,,,en,★ he/she/idgaf,0,0,0,https://x.com/meIosunny/status/1729691861944619035,1.18521E+18,meIosunny
1.72969E+18,Wed Nov 29 02:34:45 +0000 2023,69,These scents are guaranteed to send you into Overdrive! ️ Double the confidence with Miguel this holiday season. Shop in #PENSHOPPE stores nationwide or online at https://t.co/dMvf4gQbfI. 🇵🇭 Also available on Shopee Lazada Zalora and Tiktok Shop. https://t.co/lPsJlE9jIY,1.72969E+18,https://pbs.twimg.com/amplify_video_thumb/1729690257766199296/img/eAmVJNC4TCSt5VRN.jpg,,en,,5,5,29,https://x.com/PENSHOPPE/status/1729690329803075584,21185473,PENSHOPPE
1.72967E+18,Wed Nov 29 02:33:46 +0000 2023,1,@StopAntisemites White girl with the new trending scarf she bought from the TikTok shop ,1.72969E+18,,StopAntisemites,en,,0,0,0,https://x.com/wicked0nez/status/1729690081001193560,1.60563E+18,wicked0nez
1.72969E+18,Wed Nov 29 02:31:00 +0000 2023,1,No bc this tiktok shop shit needs to be removed. I m tired of it,1.72969E+18,,,en,,0,0,0,https://x.com/royonnas_/status/1729689386877349958,1558863492,royonnas_
1.72969E+18,Wed Nov 29 02:25:49 +0000 2023,0,How the fuck can you block tiktok shop videos from your fyp??? I m getting so tired of this constant QVC ass shit,1.72969E+18,,,en,,0,0,0,https://x.com/lenkaykaylen/status/1729688082046173298,1.69593E+18,lenkaykaylen
1.72967E+18,Wed Nov 29 01:19:24 +0000 2023,0,Check out Riju s Life &amp; Shop's video! #TikTok https://t.co/m4UkFOe06p,1.72967E+18,,,en,,0,0,0,https://x.com/_Marsl0calstore/status/1729671367698657729,1.60719E+18,_Marsl0calstore
1.72967E+18,Wed Nov 29 01:17:05 +0000 2023,0,How long stuff on tiktok shop take to come? ,1.72967E+18,,,en,,0,8,0,https://x.com/h3arteyes4me/status/1729670784505741514,1.01741E+18,h3arteyes4me
1.72967E+18,Wed Nov 29 01:13:20 +0000 2023,7,Received these ice cube (spheres?) trays for free from a TikTok Shop seller to promote I've made the following ice spheres: coffee strawberries orange juice cranberry with rosemary. Finally got the first full video posted and will be editing all night #ugccreator https://t.co/t18U0NXjWv,1.72967E+18,https://pbs.twimg.com/ext_tw_video_thumb/1729669750697885697/pu/img/CagUCIp4pZCDBjE3.jpg,,en,"Arkansas, USA",1,2,0,https://x.com/socially_britt/status/1729669840724533328,1.61724E+18,socially_britt
1.72967E+18,Wed Nov 29 01:12:23 +0000 2023,0,NEW ARRIVALS SHOP NOW eBay: https://t.co/OT0ssGOQ7H TikTok Shop: https://t.co/LJYiQpnNJq Website: https://t.co/KGNnUWAGMl https://t.co/2Zr3Yi7FJk,1.72967E+18,https://pbs.twimg.com/media/GAEFVPQa4AA5teu.jpg,,en,"Florida, USA",0,0,0,https://x.com/LionSports2023/status/1729669602869649512,1.64705E+18,LionSports2023
1.72967E+18,Wed Nov 29 01:10:25 +0000 2023,2,And here is my amethyst crystal heart I got from tiktok like several weeks ago. This one came from China so of course it took a bit to get here. It s so pretty and rather heavy! 10/10 would by from the shop again. Once I save up. https://t.co/vcB4JqNNDa,1.72967E+18,https://pbs.twimg.com/media/GAEE4mdX0AAn4k7.jpg,,en,,0,0,0,https://x.com/WitchyTakura/status/1729669108344504415,1.43556E+18,WitchyTakura
1.72841E+18,Wed Nov 29 01:09:58 +0000 2023,0,@iloveemaddy I had no clue this was a brand? I got my shit off the tiktok shop for $1.75 + free shipping ,1.72967E+18,,iloveemaddy,en,"North Carolina, USA",0,0,0,https://x.com/TheePrettyPlug/status/1729668992657150409,380727650,TheePrettyPlug
1.72967E+18,Wed Nov 29 01:05:22 +0000 2023,1,i thought it was a joke. like buying from tiktok shop i didnt think it was a real thing. like it was an influencing thing if you bought something because you saw it on tiktok then you tiktok shopped,1.72967E+18,,jasperjareau,en,she/her 22,0,0,0,https://x.com/jasperjareau/status/1729667834307903541,1.27952E+18,jasperjareau
1.72967E+18,Wed Nov 29 01:05:21 +0000 2023,6,the fact that tiktok shop is a thing AND that people are buying from it is so??,1.72967E+18,,,en,she/her 22,1,1,1,https://x.com/jasperjareau/status/1729667832546316380,1.27952E+18,jasperjareau
1.72967E+18,Wed Nov 29 01:03:44 +0000 2023,1,I just got asked if I buy stuff off the TikTok shop I'm flattered honestly,1.72967E+18,,,en,"Orlando, FL",0,0,0,https://x.com/jennerationnext/status/1729667424297914463,318660717,jennerationnext
1.72967E+18,Wed Nov 29 01:03:35 +0000 2023,2,I have a case of Shiny Treasures arriving Thursday! Only 1! I ll probably stream on Tiktok that day if y all would like to rip some boxes! (I paid a premium for these so if you pre-ordered from me you ll still have to wait for Monday for those to start shipping ) But y all,1.72967E+18,,,en,"Denton, TX",0,0,0,https://x.com/DotsCardShop/status/1729667386205143313,1.65269E+18,DotsCardShop
1.72967E+18,Wed Nov 29 00:59:35 +0000 2023,2,Go check out they're shop on Mercari! They have other hats and lightsicker covers and they do some pretty amazing work! https://t.co/2jVGyxx8uw They are also on TikTok and insta!!,1.72967E+18,,snoopyachooo,en,jungwoos lips ,0,0,0,https://x.com/snoopyachooo/status/1729666381040189520,1.55723E+18,snoopyachooo
1.72939E+18,Wed Nov 29 00:59:20 +0000 2023,1,@WallStreetSilv No she just needs to be taught to shop when it comes to groceries. This ain t it. Things are more expensive than ever but that isn t the issue in this video. Someone just needs to make a TikTok series teaching Gen Z how to adult since it s the only way they will pay,1.72967E+18,,WallStreetMav,en,Atlanta GA,0,0,0,https://x.com/robertoblake/status/1729666317681123640,19003754,robertoblake
1.72967E+18,Wed Nov 29 00:58:29 +0000 2023,0,@tiktok_us has jumped the shark. 80% of the videos are of people trying to sell something they can earn a commission on in the Tik Tok Shop. It was a good run but it's come to an end.,1.72967E+18,,tiktok_us,en,Jacksonville FL,0,1,0,https://x.com/GigantorinJax/status/1729666102123192603,327926153,GigantorinJax
1.7296E+18,Wed Nov 29 00:57:22 +0000 2023,0,@JennyViPham will there be any other way to order aside from tiktok shop? for the people who don t have tiktok at least ,1.72967E+18,,JennyViPham,en,schnoozing on divus’ lap,0,1,0,https://x.com/leviluciel/status/1729665824804290671,1.70292E+18,leviluciel
1.72967E+18,Wed Nov 29 00:54:55 +0000 2023,2,This TikTok shop shit gotta be the worst trend on the app,1.72967E+18,,,en,Atl,0,1,0,https://x.com/Domerss_/status/1729665204449911151,8.62434E+17,Domerss_
1.72966E+18,Wed Nov 29 00:49:30 +0000 2023,0,lordddd not i done let the tiktok shop get me with the jamaican black castor oilIT BETTER WORK,1.72966E+18,,,en,,0,1,0,https://x.com/kb0sss/status/1729663843943567450,227750439,kb0sss
1.72966E+18,Wed Nov 29 00:44:46 +0000 2023,1,Yooo boutta cop some bud off tiktok shop https://t.co/uB7joM8vh8,1.72966E+18,https://pbs.twimg.com/media/GAD_BENXUAAxwKk.jpg,,en,"they/them 21, nb",0,0,0,https://x.com/D3chii/status/1729662652975075471,1.04563E+18,D3chii
1.72945E+18,Wed Nov 29 00:40:52 +0000 2023,1,@sang_wuoh Theres also other suits against tiktok shop and tenmu concerning copyright of small buisnesses theft and more https://t.co/Yv0tPUvZqH,1.72966E+18,https://pbs.twimg.com/media/GAD-HtgWwAAK49b.jpg,sang_wuoh,en,Your dad's house,0,0,0,https://x.com/Fly_high_Pearl/status/1729661669855346704,1.50135E+18,Fly_high_Pearl
1.72966E+18,Wed Nov 29 00:37:09 +0000 2023,0,TikTok shop might just have me in a chokehold ‍️,1.72966E+18,,,en,,0,1,0,https://x.com/SydViciouss_/status/1729660735540613586,231908450,SydViciouss_
1.72966E+18,Wed Nov 29 00:34:57 +0000 2023,0,TikTok shop Q-I used ecommbull method on my old biz account. First 2 TTS videos flopped 3rd posted today got 2k views w/in 1 hour but no sales yet. Is it better to continue w this momentum or start fresh from zero w a new acct? Will have to abandon old acct to link the new one..,1.72966E+18,,,en,"Columbus, OH",0,0,0,https://x.com/UGCwithAshleyV/status/1729660181938618755,1.71722E+18,UGCwithAshleyV
1.72966E+18,Wed Nov 29 00:30:58 +0000 2023,1, Amazon Sellers discover the potential of TikTok Shop as a sales channel! Explore partnerships fulfillment options and insights in our podcast episode. ️ #SalesChannels #EmergingOpportunity #ECommerceGrowth #TikTokShop #AmazonFBA #PodcastInsights https://t.co/UOGkPIosoM,1.72966E+18,https://pbs.twimg.com/amplify_video_thumb/1729659090761138176/img/k2UKx5sBtYmtlZSf.jpg,,en,NY,0,0,0,https://x.com/argometrix/status/1729659177990062582,1847757542,argometrix
1.72966E+18,Wed Nov 29 00:29:17 +0000 2023,0,This gen x must be doing something right on TikTok shop UGC creators messaging and building rapport for long term. Transparency with UGC creators for long term Keep growing. More samples are going out https://t.co/oltOTYY844,1.72966E+18,https://pbs.twimg.com/media/GAD7d0aboAAAxXo.jpg,,en,,0,0,0,https://x.com/JoBrVince/status/1729658757188141448,2971377951,JoBrVince
1.72966E+18,Wed Nov 29 00:24:43 +0000 2023,1,The TikTok shop made TikTok so annoying like literally every other vid is somebody tryna get me to buy something wtf,1.72966E+18,,,en,,0,0,0,https://x.com/xenonsferrarii/status/1729657607051239768,9.12078E+17,xenonsferrarii
1.72965E+18,Wed Nov 29 00:12:47 +0000 2023,0,3. Tiktok ads will begin to match FB ads in terms of performance The TT ads manager has grown tremendously this year allowing for purchase intent targeting as well as adding TT shop in the US which has been converting well in the early stages. 2024 will show further,1.72965E+18,,ChurrLimm,en,Book in a call with me 👉,0,1,0,https://x.com/ChurrLimm/status/1729654602944131229,1.71027E+18,ChurrLimm
1.72965E+18,Wed Nov 29 00:04:27 +0000 2023,1,the tiktok shop does it again *add to cart*,1.72965E+18,,,en,,0,1,0,https://x.com/ItsMFDom/status/1729652505842213130,1.62055E+18,ItsMFDom
1.72965E+18,Wed Nov 29 00:03:31 +0000 2023,2,TikTok Shop For Creators is such a cheat code ,1.72965E+18,,,en,"New York, USA",0,0,0,https://x.com/ianmcqueeney_/status/1729652273037418529,1.63181E+18,ianmcqueeney_
1.72965E+18,Wed Nov 29 00:02:53 +0000 2023,0,wait tiktok shop actually clean i ordered a dress a perfume and a fucking treadmill and it got here early???,1.72965E+18,,,en,chewy ♡,0,0,0,https://x.com/mimovrc/status/1729652110696837534,1332531476,mimovrc
1.72965E+18,Wed Nov 29 00:01:46 +0000 2023,0,ordered the viral bbl jacket from tiktok shop ,1.72965E+18,,,en,"Los Angeles, CA ",0,0,0,https://x.com/divineneedys/status/1729651831939158341,1.22371E+18,divineneedys
1.72965E+18,Tue Nov 28 23:53:03 +0000 2023,0,tiktok shop is dark sided and there will be a class action lawsuit or something bc its so shrouded in evil .,1.72965E+18,,,en,,0,1,0,https://x.com/g1ngham/status/1729649639215829105,1.2159E+18,g1ngham
1.72965E+18,Tue Nov 28 23:52:38 +0000 2023,1,ngl @tiktok_us does have quite a few things down that @XBusiness @X should adopt. 1. viewed my profile (this is dope) 2. adding a STEM &amp; Shop &amp; lives at the top are honestly really dope features Let's make X more fun for younger people. Right now it's mainly older smart https://t.co/dKVt05YOYI,1.72965E+18,https://pbs.twimg.com/media/GADzE1YXQAAibsQ.jpg,,en,"Florida, USA",0,0,0,https://x.com/thejacobdean_/status/1729649531040539025,3090370473,thejacobdean_
1.72965E+18,Tue Nov 28 23:49:28 +0000 2023,0,@bookjordan4 On my mama Ian playing I m on the page right now. It s on TikTok Shop I got chu ‼️,1.72965E+18,,,en,"Milwaukee, WI",0,0,0,https://x.com/ZeeChainzz/status/1729648734122672189,500445761,ZeeChainzz
1.7296E+18,Tue Nov 28 23:47:57 +0000 2023,2,@nastysteak420 Works. Its bscly just a different shop system. Tiktok shop is def more % branded than shopify stores since dropshippers sometimes do be getting taken down on ttshop,1.72965E+18,,awngkuharis,en,,0,2,0,https://x.com/ceodotmika/status/1729648355112792305,1.51114E+18,ceodotmika
1.72965E+18,Tue Nov 28 23:39:16 +0000 2023,1,i work hard but my fyp promoting bread shoelaces (now on sale on the tiktok shop) works harder,1.72965E+18,,,en,,0,0,1,https://x.com/lexlunar/status/1729646166625673496,2810234696,lexlunar
1.72965E+18,Tue Nov 28 23:36:10 +0000 2023,0,If you got a business and not promoting it on TikTok you are tripping especially with TikTok shop now ? Get your bag,1.72965E+18,,,en,United States,0,0,0,https://x.com/BlkHilfiger/status/1729645387403628670,9.34491E+17,BlkHilfiger
1.72964E+18,Tue Nov 28 23:34:16 +0000 2023,0,TikTok shop about to crash and burn ,1.72964E+18,,,en,"Douglasville, GA",0,0,0,https://x.com/DryerBuzz/status/1729644911312466040,14040522,DryerBuzz
