conversation_id_str,created_at,favorite_count,full_text,id_str,image_url,in_reply_to_screen_name,lang,location,quote_count,reply_count,retweet_count,tweet_url,user_id_str,username
1.71914E+18,Mon Oct 30 23:50:00 +0000 2023,1,That TikTok Shop is CRAZY. I got some wireless earbuds but i m also lookin to get these small rechargeable clippers for the edge up &amp; beard. I m unstoppable.,1.71914E+18,,,en,"661, 404, ???",0,0,0,https://x.com/ThaKingCharming/status/1719139622058389692,144648924,ThaKingCharming
1.71884E+18,Mon Oct 30 23:49:29 +0000 2023,0,@mohhecom @eiliazandi @L3ngJoo We got LLC and ITIN but tiktok shop asks us to upload a Usa passport/drivers licence how do we get past this bro,1.71914E+18,,mohhecom,en,Australia,0,2,0,https://x.com/kingy_J1/status/1719139492827890111,1.62235E+18,kingy_J1
1.71914E+18,Mon Oct 30 23:48:17 +0000 2023,0,Am I the only one who feels like the TIKTOK shop is a scam? or like forces shit on people?,1.71914E+18,,,en,ASTROWORLD 💫,0,0,0,https://x.com/blunt_TWEETS/status/1719139191043367333,202883478,blunt_TWEETS
1.71879E+18,Mon Oct 30 23:31:58 +0000 2023,1,@sourfraser Yes it s the guysss my TikTok shop order is here and they talk ab it a little and it goes viral and sells. What could some real strategy do??,1.71914E+18,,sourfraser,en,"Georgia, USA",0,0,0,https://x.com/creatively_madi/status/1719135081330069643,1.48147E+18,creatively_madi
1.71905E+18,Mon Oct 30 23:13:27 +0000 2023,1,@customexen Update: I got a kitty cat themed dice tray on tiktok shop Here's hoping it works well ,1.71913E+18,,customexen,en,"Michigan, USA",0,1,0,https://x.com/creative_carrah/status/1719130424130089450,1.25852E+18,creative_carrah
1.71912E+18,Mon Oct 30 22:50:20 +0000 2023,3,Tiktok shop is the reason im broke,1.71912E+18,,,en,,0,2,0,https://x.com/Whxtevxrr/status/1719124605699326024,8.65217E+17,Whxtevxrr
1.71912E+18,Mon Oct 30 22:47:00 +0000 2023,0,@SakurasCardShop Is tiktok shop only for USA accounts?,1.71912E+18,,SakurasCardShop,en,Canada,0,0,0,https://x.com/ryosukeSan/status/1719123769007145079,48018845,ryosukeSan
1.7191E+18,Mon Oct 30 21:31:42 +0000 2023,1,Bought something on TikTok shop because I was bored,1.7191E+18,,,en,"Baytown, TX",0,0,0,https://x.com/Edgario_Rdzzz/status/1719104815765110800,1.30497E+18,Edgario_Rdzzz
1.7191E+18,Mon Oct 30 21:19:41 +0000 2023,10,Today is the day I finally film a TikTok shop video Is the hype really worth it?,1.7191E+18,,,en,"Orange, CA",0,2,0,https://x.com/findsbycat/status/1719101791076593920,1.64232E+18,findsbycat
1.71905E+18,Mon Oct 30 21:13:34 +0000 2023,0,@zachmstuck What are your thoughts on TikTok Shop?,1.7191E+18,,zachmstuck,en,"Boston, MA",0,0,0,https://x.com/Joesott/status/1719100251724792214,1.43309E+18,Joesott
1.71905E+18,Mon Oct 30 21:10:19 +0000 2023,0,@brunademetrio_ ITS SO MUCH BETTER IRL ITS MORE PINKY ITS 12 ON TIKTOK SHOP,1.7191E+18,,brunademetrio_,en,,0,0,0,https://x.com/sagittariuskate/status/1719099434456277426,8.9516E+17,sagittariuskate
1.71908E+18,Mon Oct 30 21:07:35 +0000 2023,1,@Jmastapiece TikTok is killing it with these deals haha,1.7191E+18,,shodon1212,en,"Houston, TX",0,0,0,https://x.com/SakurasCardShop/status/1719098746779169199,1.42655E+18,SakurasCardShop
1.7191E+18,Mon Oct 30 21:01:58 +0000 2023,3,Affiliates on TikTok are doing $20k in revenue With simple videos like below The formula right now Trending sounds + TikTok Shop https://t.co/eOPymBgOMv,1.7191E+18,https://pbs.twimg.com/amplify_video_thumb/1719097281759113216/img/5A2aKHiuq26MDzez.jpg,,en,,0,0,0,https://x.com/ashley_wright/status/1719097333307060272,18995412,ashley_wright
1.7191E+18,Mon Oct 30 21:00:45 +0000 2023,0,TikTok Shop is driving sales for resale companies even as fakes flood the platform. https://t.co/2Ny1K6uYtu,1.7191E+18,,,en,"New York, NY",0,0,0,https://x.com/glossyco/status/1719097028121080267,4919476503,glossyco
1.7191E+18,Mon Oct 30 21:00:26 +0000 2023,0,️ @amazon confronts a new rival: TikTok. TikTok s success as a platform and its early success of TikTok Shop launched last month is advancing the convergence of eComm and social media known as social shopping . https://t.co/LBTWRSbcte https://t.co/XV6HPOXbTg,1.7191E+18,https://pbs.twimg.com/media/F9t1kAYXwAABVTr.jpg,,en,"Chattanooga, TN",0,0,0,https://x.com/ThisIsDynamo/status/1719096947720503548,7.05111E+17,ThisIsDynamo
1.7191E+18,Mon Oct 30 20:53:09 +0000 2023,1,Who has the best course for TikTok Shop?,1.7191E+18,,,en,"San Antonio, TX",0,0,0,https://x.com/DelCurrent/status/1719095115178774815,1.07658E+18,DelCurrent
1.71909E+18,Mon Oct 30 20:48:34 +0000 2023,8,I posted follow up videos to my viral TikTok shop video &amp; they performed Today I am testing out what reposting the video that has 4.9 million views to see if it will re-drive traffic back to the shop From there I will post my regular content to see how it performs stay tuned,1.71909E+18,,,en,,0,0,0,https://x.com/_ByCrystalW/status/1719093961036616144,1.20211E+18,_ByCrystalW
1.71909E+18,Mon Oct 30 20:47:34 +0000 2023,0,tiktok shop is the worst thing to ever happen to that app,1.71909E+18,,,en,"New Haven, CT",0,0,0,https://x.com/ktmclaughin/status/1719093712003702863,615312216,ktmclaughin
1.71909E+18,Mon Oct 30 20:44:38 +0000 2023,1,how tf do people feel safe ordering FOOD from tiktok shop,1.71909E+18,,,en,she/her ,0,3,0,https://x.com/lvrsbuckley/status/1719092973395222562,7.64067E+17,lvrsbuckley
1.71906E+18,Mon Oct 30 18:52:41 +0000 2023,47,My $50 TikTok shop booster box is here does it look legit? https://t.co/nDuMoJhAD7,1.71906E+18,https://pbs.twimg.com/media/F9tYUwBXgAAVG_6.jpg,,en,TPC Studio,0,10,0,https://x.com/TeamPokeColors/status/1719064800615911823,1.46578E+18,TeamPokeColors
1.71906E+18,Mon Oct 30 18:48:37 +0000 2023,0,TikTok shop got me today yall ,1.71906E+18,,,en,My bag 💰,0,0,0,https://x.com/ItsJusttJadaaa/status/1719063775234404771,217296034,ItsJusttJadaaa
1.71906E+18,Mon Oct 30 18:47:19 +0000 2023,401,These past couple weeks we ve made over $300 000+ alone on the TikTok Shop 100% organic no ads If you want a FREE pdf going over how YOU can start RT + comment SHOP &amp; I ll DM it to you. https://t.co/edcYtuUYyr,1.71906E+18,https://pbs.twimg.com/ext_tw_video_thumb/1719063410472546304/pu/img/Jmc3jugkpofMuNnk.jpg,,en,"San Diego, CA",4,618,438,https://x.com/kasramoradi/status/1719063447588024553,332594350,kasramoradi
1.71906E+18,Mon Oct 30 18:44:34 +0000 2023,0,I need to get off TikTok shop but my god how cool is this thing. https://t.co/7IhCarY1XY,1.71906E+18,https://pbs.twimg.com/media/F9tWdyUXsAApFNP.jpg,,en,,0,0,0,https://x.com/nataliekate11_/status/1719062758103146960,1.55262E+18,nataliekate11_
1.71906E+18,Mon Oct 30 18:37:43 +0000 2023,2,There s always discourse about how TikTok is the new search but what happens when TikTok becomes the new online store? 1 out of every 10 Americans are going to buy something on a TikTok shop this year. ,1.71906E+18,,,en,Subscribe for free →,0,0,0,https://x.com/thefutureparty/status/1719061033367801976,2610751753,thefutureparty
1.71906E+18,Mon Oct 30 18:36:18 +0000 2023,2,Get ready with me UGC video + coffee ️. mihaela.ugc@gmail.com #ukugc #ugccreatorsneeded #ugccreatorswanted #ukugccreatos #ugcexample https://t.co/cG6rabfOtW,1.71906E+18,https://pbs.twimg.com/ext_tw_video_thumb/1719060537479180288/pu/img/bFAdIIK-d7uBa8L0.jpg,,en,United Kingdom ,0,0,0,https://x.com/MihaelaUgc/status/1719060674964332673,1.6085E+18,MihaelaUgc
1.71906E+18,Mon Oct 30 18:34:19 +0000 2023,4,I came on here to say I am a serious victim of TikTok shop ,1.71906E+18,,,en,"Saint Louis , MO",0,1,0,https://x.com/siparyclinton/status/1719060177930846613,9.12208E+17,siparyclinton
1.71906E+18,Mon Oct 30 18:33:28 +0000 2023,0,TikTok shop got me in a choke so bad lmfaooo I hate it,1.71906E+18,,,en,"Tallahassee, FL",0,0,0,https://x.com/Uhh_Shannon/status/1719059961735504084,308041555,Uhh_Shannon
1.71905E+18,Mon Oct 30 18:28:15 +0000 2023,0,@gregisenberg There's no other way to monetize your TikTok right now right? No ad revenue share so 1000 or 10.000.000 views don't matter...unless you have shop or other channel?,1.71906E+18,,gregisenberg,en,"Amsterdam, Netherlands",0,0,0,https://x.com/John_ACW/status/1719058652189925651,1.02189E+18,John_ACW
1.71906E+18,Mon Oct 30 18:27:51 +0000 2023,0,we're povvo so I run a strict budget and ours is usually £30-35 so I can get it being in region of £40-50 but if youre complaining on tiktok that ur spending £100 on a weekly shop thats on you babe are you even trying at that point,1.71906E+18,,py0john,en,johnnys armpit,0,1,0,https://x.com/py0john/status/1719058551367229470,9.6066E+17,py0john
1.71906E+18,Mon Oct 30 18:27:50 +0000 2023,0,@tiktok_us I need you to bring back bundleupbooks shop since your seller support team has passed me off for 3 days.,1.71906E+18,,tiktok_us,en,Wonderland,0,1,0,https://x.com/kamayatarpley/status/1719058543616135538,7.36406E+17,kamayatarpley
1.71906E+18,Mon Oct 30 18:27:05 +0000 2023,1,In October we successfully scaled this brand from 1.4x to 2.7x ROAS in just 20 days by utilizing this paid creative process Retweet &amp; Like this tweet &amp; I'll DM you the exact system we use to scale brands in less than 90 days (must follow or I can't DM) https://t.co/mSogfAEhGD,1.71906E+18,https://pbs.twimg.com/media/F9tSds1WsAAxncv.png,,en,Ready to learn more? 👉,0,0,0,https://x.com/jackie_startok/status/1719058356277506354,1.43024E+18,jackie_startok
1.71906E+18,Mon Oct 30 18:25:19 +0000 2023,0,Not TikTok shop got me again ‍,1.71906E+18,,,en,704,0,0,0,https://x.com/TatyTheDon/status/1719057910729220479,262190288,TatyTheDon
1.71906E+18,Mon Oct 30 18:22:18 +0000 2023,5,How Dropshipping on Tiktok Shop is Different than Everywhere Else https://t.co/vKeBbYLwdn,1.71906E+18,https://pbs.twimg.com/ext_tw_video_thumb/1719056877546287104/pu/img/1CHGXOYwkgPW0qg8.jpg,,en,,0,4,2,https://x.com/guerra447/status/1719057154617847955,8.47814E+17,guerra447
1.71906E+18,Mon Oct 30 18:20:59 +0000 2023,0,Check out TobyT_fishing's video! #TikTok https://t.co/BGarPw9yFT,1.71906E+18,,,en,,0,0,0,https://x.com/ShopFarrago/status/1719056823318175802,1.0726E+18,ShopFarrago
1.71906E+18,Mon Oct 30 18:14:47 +0000 2023,0,I really really really hope TikTok shop has a Black Friday sale ,1.71906E+18,,,en,🕊️💚,0,0,0,https://x.com/KeepingUpWitKe_/status/1719055263334871280,834550009,KeepingUpWitKe_
1.71905E+18,Mon Oct 30 18:12:14 +0000 2023,0,️Next Webinar Announcement ️ Our next eCommerce Explored Webinar topic is TikTok &amp; TikTok Shop Want to know more? Book your place now for your free ticket https://t.co/hU2SPxuMEM,1.71905E+18,,,en,eCommerce Land,0,0,0,https://x.com/Ecommerce_Tech/status/1719054620855550253,1.09894E+18,Ecommerce_Tech
1.71905E+18,Mon Oct 30 18:09:37 +0000 2023,1,@gregisenberg still think why Tiktok Shop works while Instagram adopting same technology long way ago before Tiktok goes booming not.,1.71905E+18,,gregisenberg,en,Boredomia,0,0,0,https://x.com/hollenkrieg/status/1719053959183352306,48265005,hollenkrieg
1.71905E+18,Mon Oct 30 18:08:01 +0000 2023,36,Got a few messages saying: Early adopters have reported low volumes. What's changed? 2 main things: 1) Real estate Shop has now been added to the main nav. That's a ton of traffic. 2) Discounts TikTok is offering 30% coupons for first time buyers. Pretty enticing. https://t.co/cYD1SaSvbA,1.71905E+18,https://pbs.twimg.com/media/F9tNOBvXgAAxo_S.jpg,gregisenberg,en,i give away startup ideas →,0,4,0,https://x.com/gregisenberg/status/1719053559776317699,14642331,gregisenberg
1.71905E+18,Mon Oct 30 18:06:32 +0000 2023,0,Keep seeing TIKTOK shop SPF videos on my fyp and I need it to stop. I ain t got no money let me breathe.,1.71905E+18,,,en,,0,0,0,https://x.com/jawshywashy21/status/1719053183278862559,1.43671E+18,jawshywashy21
1.71905E+18,Mon Oct 30 18:05:08 +0000 2023,0,tiktok shop has a chokehold on me,1.71905E+18,,,en,papas freezeria | 22 | she/her,0,0,0,https://x.com/P4LMTREEDELIGHT/status/1719052831909720294,9.4738E+17,P4LMTREEDELIGHT
1.71904E+18,Mon Oct 30 18:04:46 +0000 2023,0,@jyrcrz I had some like tiktok shop promo where I was able to get like a bunch of stuff discounted I think it s because I ll always click on the shop or look through the items but I never actually buy anything ,1.71905E+18,,,en,LA ~ he/him ,0,0,0,https://x.com/milkttaro/status/1719052742537396427,8.22202E+17,milkttaro
1.71905E+18,Mon Oct 30 18:03:51 +0000 2023,2,What are you waiting for? Anime Gifts and Collectibles now with an Extra 30% OFF and Free Shipping @AllOutAnimeSho1 @alloutanimeshop on TikTok! #anime #animemerch #animemerchstore #ChristmasGift https://t.co/DmdfwnyoXT,1.71905E+18,https://pbs.twimg.com/ext_tw_video_thumb/1719052429897977856/pu/img/-FITyB9qyWNsapI2.jpg,,en,"New York, South Setauket",0,0,0,https://x.com/AllOutAnimeSho1/status/1719052508776091746,1.38312E+18,AllOutAnimeSho1
1.71905E+18,Mon Oct 30 18:03:07 +0000 2023,1,@SmarterRetail Two things: 1) They added Shop to the top main nav 2) TikTok is offering coupons. Discounts work. https://t.co/0GANsOCKnO,1.71905E+18,https://pbs.twimg.com/media/F9tM9NCXYAAQWWR.jpg,SmarterRetail,en,i give away startup ideas →,0,1,0,https://x.com/gregisenberg/status/1719052324180533722,14642331,gregisenberg
1.71905E+18,Mon Oct 30 18:02:23 +0000 2023,15,@gregisenberg I ve been saying this for far too long! There s brands doing about $3Million a month right now with TikTok shop. It s in its infancy and brands that do it right now will have a HUGE advantage. Don t miss this wave,1.71905E+18,,gregisenberg,en,,0,2,0,https://x.com/ashley_wright/status/1719052140155437467,18995412,ashley_wright
1.71905E+18,Mon Oct 30 18:00:29 +0000 2023,0,@tearherwrists i get mine on tiktok shop in packs these thin band russian eye ones,1.71905E+18,,tearherwrists,en,she/they ,0,1,0,https://x.com/girliniceburg/status/1719051664802427036,170816479,girliniceburg
1.71905E+18,Mon Oct 30 17:58:27 +0000 2023,0,Not what I usually post but we got these cute bookmarks from Tiktok shop and wanted to show them off - https://t.co/AnkYLjYxDt,1.71905E+18,https://pbs.twimg.com/media/F9tL6PYXIAARm-0.jpg,,en,Bodily 20,0,0,0,https://x.com/C0NSUM3_ME/status/1719051149473452357,1.70853E+18,C0NSUM3_ME
1.71904E+18,Mon Oct 30 17:57:13 +0000 2023,0,@__sheyya hahahaha indeed!! thank god tiktok shop has gone unless....,1.71905E+18,,__sheyya,en,,0,1,0,https://x.com/strxxngers/status/1719050842186330366,9.31196E+17,strxxngers
1.71905E+18,Mon Oct 30 17:55:56 +0000 2023,2033,Someone is going to make $100M in 2024 with a TikTok Shop. They'll probably have no inventory no VCs and be 24 years old. This stat is crazy. 1 out of every 10 Americans are going to buy something on a TikTok shop this year. I don't know how to say this any other way but https://t.co/nWvmzo6dRb,1.71905E+18,https://pbs.twimg.com/media/F9tG3ZrWIAAvJEv.png,,en,i give away startup ideas →,35,82,271,https://x.com/gregisenberg/status/1719050518050247070,14642331,gregisenberg
1.71905E+18,Mon Oct 30 17:54:24 +0000 2023,5,I DONT WANT NOTHING FROM NO DAMN TIKTOK SHOP,1.71905E+18,,,en,,0,0,1,https://x.com/moshpitpapi/status/1719050132790903155,283752847,moshpitpapi
1.71685E+18,Mon Oct 30 17:51:28 +0000 2023,0,@TikTokBusiness @NewzooHQ Do not trust TikTok. It is a scam. It shut down all my 3 shops and took the 20000 dollars in the shop. No reason no respond no explanation. #tiktokscam #tiktokinjustice,1.71905E+18,,TikTokBusiness,en,,0,0,0,https://x.com/Desperate197825/status/1719049392060059659,1.71795E+18,Desperate197825
1.71905E+18,Mon Oct 30 17:48:05 +0000 2023,0,Elevate your style with our Ultimate Mindset Collection: Fashion-forward quality sneakers for a winning look. Shop now for the perfect pair online! #followmypagereels #sneakers #sneaker #trendingnow #trendingreels #foryou #tiktok #fypage #LikeAndShare #shopping #shoponline https://t.co/mb0cfPp61W,1.71905E+18,https://pbs.twimg.com/ext_tw_video_thumb/1719048474816114688/pu/img/IAWnIFad2r8Dvdw-.jpg,,en,"Irving, TX",0,0,0,https://x.com/Tasha11791361/status/1719048540641440021,1.25305E+18,Tasha11791361
1.71905E+18,Mon Oct 30 17:46:22 +0000 2023,1,I miss TikTok before the shop took over.,1.71905E+18,,,en,,0,0,0,https://x.com/thaplug_lani/status/1719048110779846816,126155509,thaplug_lani
1.71905E+18,Mon Oct 30 17:45:15 +0000 2023,0,Wts lfb Seventeen heaven carat ver. Official photocards ( rpc ) Onhand forsale! Cod on tiktok shop: https://t.co/VCUny3IIDZ #svt #SEVENTEEN #SEVENTEENTH_HEAVEN https://t.co/55gGa4jqyG,1.71905E+18,https://pbs.twimg.com/media/F9tI4oUaQAAKwbI.jpg,,en,+63 〰,0,1,0,https://x.com/monahmiii1121/status/1719047831242330125,1.45498E+18,monahmiii1121
1.71846E+18,Mon Oct 30 17:43:40 +0000 2023,1,@gracecreatively @UGCwithDianna There are also dropshippers but I am working creative strategy for a brand launching a store on tiktok. It allows direct to consumer and eliminates warehouse/sellers fees you can see on other sites. Really all the above is why TT shop is so hot. The shipping is also helping!!!,1.71905E+18,,gracecreatively,en,,0,0,0,https://x.com/SWaldropUGC/status/1719047428995727582,1.66083E+18,SWaldropUGC
1.71712E+18,Mon Oct 30 17:42:50 +0000 2023,0,@tiktok_us TikTok is a scam. TikTok ban my 3 shops and took the 20000 dollars in the shop. No respond. No explanation. #tiktokscam #tiktokinjustice,1.71905E+18,,tiktok_us,en,,0,2,0,https://x.com/Desperate197825/status/1719047219611844784,1.71795E+18,Desperate197825
1.71795E+18,Mon Oct 30 17:39:55 +0000 2023,0,@tiktok_us TikTok shop is a scam. It banned all my 3 shops and took the 20000 dollars in the shops. #tiktokscam #tiktokinjustice,1.71905E+18,,tiktok_us,en,,0,1,0,https://x.com/Desperate197825/status/1719046488125227457,1.71795E+18,Desperate197825
1.71251E+18,Mon Oct 30 17:37:03 +0000 2023,0,@tiktok_us @mitskileaks TikTok shop banned my 3 shops and took the 20000 dollars in the shop. TikTok thief. TikTok robbery. TikTok injustice.,1.71905E+18,,tiktok_us,en,,0,0,0,https://x.com/Desperate197825/status/1719045765203476690,1.71795E+18,Desperate197825
1.71905E+18,Mon Oct 30 17:35:01 +0000 2023,1,I spent so much on TikTok shop my boo needa take my card and gimmie that 1 ,1.71905E+18,,,en,,0,0,0,https://x.com/Do2Much_/status/1719045253229871359,8.89315E+17,Do2Much_
1.71904E+18,Mon Oct 30 17:33:45 +0000 2023,2,Looking to get into E-commerce or TikTok Shop and you need help? Book a call here https://t.co/n9MMTjZIkJ,1.71904E+18,,_akramii,en,,0,0,0,https://x.com/_akramii/status/1719044934236360783,7.70432E+17,_akramii
1.71904E+18,Mon Oct 30 17:33:45 +0000 2023,2,ordered one thing off tiktok shop and now i just want to buy everything.,1.71904E+18,,,en,she/her • 24 • fan account,0,0,0,https://x.com/kiansmarilyn/status/1719044933493924065,1.27384E+18,kiansmarilyn
1.71904E+18,Mon Oct 30 17:32:56 +0000 2023,0, messed around and got on TikTok shop and now I m having a hard time staying away.,1.71904E+18,,,en,Memphis,0,0,0,https://x.com/beetruebeyou/status/1719044731529777464,299457925,beetruebeyou
1.71904E+18,Mon Oct 30 17:32:47 +0000 2023,36,Woke up to maxing out our orders on one of our shops. That's TikTok Shop for you. https://t.co/Q9jDMMe1tp,1.71904E+18,https://pbs.twimg.com/ext_tw_video_thumb/1719044613258825728/pu/img/4hyj6oTbb27WixgP.jpg,,en,,0,3,4,https://x.com/_akramii/status/1719044693785280828,7.70432E+17,_akramii
1.71904E+18,Mon Oct 30 17:24:39 +0000 2023,0,The TikTok shop feels like 5below 98¢ store Burlington AJ Wright Ross DDs all in one. Because those products are not worth the hype.,1.71904E+18,,,en,,0,0,0,https://x.com/sunshinehascome/status/1719042645320691801,36840207,sunshinehascome
1.71904E+18,Mon Oct 30 17:23:17 +0000 2023,130,Tiktok shop is the next big thing! Only problem is you need US inventory. I m going to be buying bulk so you guys don t have to and you ll be able to dropship out of my US 3pl ️,1.71904E+18,,,en,"Victor, NY",0,14,9,https://x.com/fritz_haywood/status/1719042300641157495,1.05728E+18,fritz_haywood
1.71904E+18,Mon Oct 30 17:17:55 +0000 2023,0,Now u can shop on TikTok ,1.71904E+18,,,en,RIP my love ones 💙,0,0,0,https://x.com/prodbyjayp/status/1719040950872252763,395613579,prodbyjayp
1.71902E+18,Mon Oct 30 17:16:21 +0000 2023,0,@guhlo Dealt with that a few weeks agoall TikTok shop discount vids??,1.71904E+18,,guhlo,en,NYC,0,0,0,https://x.com/AntonioCCollins/status/1719040557421347232,1.60572E+18,AntonioCCollins
1.71904E+18,Mon Oct 30 17:16:12 +0000 2023,0,TikTok we did not ask for that shop tab. Remove it!,1.71904E+18,,,en,,0,0,0,https://x.com/procheespoir/status/1719040516514349239,3246495705,procheespoir
1.71846E+18,Mon Oct 30 17:14:57 +0000 2023,0,@UGCwithDianna Because it s all fake. If anyone says otherwise they re lying TikTok shop is also okay with losing money at this point to get everyone hooked on shopping there,1.71904E+18,,digitallydianna,en,"California, USA",0,1,0,https://x.com/gracecreatively/status/1719040205997695160,51496234,gracecreatively
1.71904E+18,Mon Oct 30 17:14:43 +0000 2023,1,TikTok really got ruined with all these damn ads for the shop.,1.71904E+18,,,en,United States,0,0,0,https://x.com/DanikNeek/status/1719040143321858543,1.08758E+18,DanikNeek
1.71904E+18,Mon Oct 30 17:12:42 +0000 2023,6,Bought these off tiktok shop because they were literally only 75¢ after tax they came last night and I ve been hearing my family play with them all morning https://t.co/YxCfi9nyus,1.71904E+18,https://pbs.twimg.com/media/F9tBcHeb0AAGyH1.jpg,,en,LA ~ he/him ,0,3,0,https://x.com/milkttaro/status/1719039637568753672,8.22202E+17,milkttaro
1.71904E+18,Mon Oct 30 17:06:13 +0000 2023,24,the tiktok shop ads are blowing the app omg. every other video is crazy. fuck that damn snatching jumpsuit where is the funny shit and my cooking videos!!!!!,1.71904E+18,,,en,,3,2,8,https://x.com/badnewsjr_/status/1719038004973437088,184167113,badnewsjr_
1.71904E+18,Mon Oct 30 17:05:01 +0000 2023,0,how do I know if I need to make a video about a tiktok shop purchase‍️,1.71904E+18,,,en,she/her - POC - LGBTQIA+ - 18,0,0,0,https://x.com/harryywinkle/status/1719037704292180142,1.12614E+18,harryywinkle
1.71904E+18,Mon Oct 30 16:57:57 +0000 2023,0,Whatever I ordered from TikTok shop came today ,1.71904E+18,,,en,The Beauty Boutique ,0,0,0,https://x.com/janna_aileen/status/1719035925907271700,1.4106E+18,janna_aileen
1.71904E+18,Mon Oct 30 16:56:47 +0000 2023,0,TikTok shop is some wicked shit,1.71904E+18,,,en,Gag City ,0,0,0,https://x.com/_BkBarb/status/1719035630561222755,1.55561E+18,_BkBarb
1.71904E+18,Mon Oct 30 16:54:23 +0000 2023,95,TikTok Shop is offering ridiculous deals on Juvee Here's how you can check if you have a discount waiting ⬇️ https://t.co/Zx7nwbf00H,1.71904E+18,https://pbs.twimg.com/ext_tw_video_thumb/1719034745647243264/pu/img/ooS4ADCEG5TV-aTO.jpg,,en,,0,11,2,https://x.com/drinkjuvee/status/1719035028389376313,1.41541E+18,drinkjuvee
1.71903E+18,Mon Oct 30 16:54:06 +0000 2023,5,bro i am getting so sick of the tiktok shop. Why the FUCK is it showing me an ad for whatever they want me to buy EVERG OTHER VIDEO!!!! Sometimes it s 2 in a row for the same item. Isn t there a shop tab??? take it off my fyp. like fuck dude,1.71903E+18,,,en,Dunder Mifflin Paper Co.,0,2,0,https://x.com/lunamikimura/status/1719034958705041411,491877130,lunamikimura
1.71903E+18,Mon Oct 30 16:46:03 +0000 2023,39,TikTok Deals Are Out Of Control! Paradox Rift Booster Box $55.99 Full Transparency: I am hesitant to jump on this TikTok shop trend but I m gonna put this out there for people who are interested @PokemonTCGDrops @PKMNBay https://t.co/3eD2LdFGaw,1.71903E+18,https://pbs.twimg.com/media/F9s7VxMbEAE4-8j.jpg,,en,"California, USA",1,27,2,https://x.com/SouthBayPokeHnt/status/1719032931614634054,1.48638E+18,SouthBayPokeHnt
1.71903E+18,Mon Oct 30 16:41:28 +0000 2023,2,Tiktok shop organic growth 07 Days Straight $3000+ In Revenue. DM to collaborate. https://t.co/gmI9ZgH1Pg,1.71903E+18,https://pbs.twimg.com/media/F9s6RjXaYAAEOi6.jpg,,en,"Karachi, Pakistan",0,0,0,https://x.com/iSaadBinSarwar/status/1719031777631822323,8.36991E+17,iSaadBinSarwar
1.71903E+18,Mon Oct 30 16:38:54 +0000 2023,8,Fuck Bitcoin Bull Run that was pennys on the dollar to what TikTok shop is LISTEN TikTok is paying for 20$ everyone s first order + paying shipping. I can charge up the ass customer gets product cheap af + free ship and TikTok takes Amazon sales. Win Win Win Stay sleeping ,1.71903E+18,,,en,,0,2,0,https://x.com/rocco_ecom/status/1719031130366558677,9.44288E+17,rocco_ecom
1.71903E+18,Mon Oct 30 16:34:20 +0000 2023,0,Nun on TikTok shop. Somebody tell me to get off.,1.71903E+18,,,en,"Little Rock, AR",1,1,0,https://x.com/Kaee__/status/1719029983446806759,266244266,Kaee__
1.71903E+18,Mon Oct 30 16:30:31 +0000 2023,0,Nah TikTok shop is actually scary,1.71903E+18,,,en,Somewhere over the rainbow 🌈,0,0,0,https://x.com/reniejoms/status/1719029019918598430,754853736,reniejoms
1.71903E+18,Mon Oct 30 16:29:52 +0000 2023,0,Has anyone UGC creator who creates TikTok shop videos for brands ran into a brand wanting multiple videos from you after you agreed to the original video and submitted it?,1.71903E+18,,,en,"Mississippi, USA",0,0,0,https://x.com/ConsciousUGC/status/1719028860413411680,1.54721E+18,ConsciousUGC
1.71903E+18,Mon Oct 30 16:17:44 +0000 2023,0,Yo I need to stop adding everything i want to my cart. Tiktok and Amazon shop stays taking all my money ,1.71903E+18,,,en,,0,0,0,https://x.com/my_oh_my16/status/1719025803038544123,1.35813E+18,my_oh_my16
1.71903E+18,Mon Oct 30 16:16:05 +0000 2023,0,just made my first tiktok shop purchase and it was only $1,1.71903E+18,,,en,"Baltimore, MD",0,0,0,https://x.com/all__thatjass/status/1719025390465733117,1.20048E+18,all__thatjass
1.71902E+18,Mon Oct 30 16:11:18 +0000 2023,3,tiktok shop been the worst shit thats happen to tiktok omfg,1.71902E+18,,,en,"Houston, TX",1,0,0,https://x.com/hotgirlxbri/status/1719024183915483390,3187084045,hotgirlxbri
1.71902E+18,Mon Oct 30 16:06:01 +0000 2023,0,sometimes I feel overwhelmed by a video ad (a blend of too much text confusing visuals and voiceover) and have to scroll away instantly...anyone else?,1.71902E+18,,,en,Ready to learn more? 👉,0,0,0,https://x.com/jackie_startok/status/1719022857382969476,1.43024E+18,jackie_startok
1.71902E+18,Mon Oct 30 16:01:07 +0000 2023,0,⁉️CAN YOU BELIEVE IT⁉️ Now selling at $1.74 Twist Plait Hair Braiding Tools by TiktokReelsShop Shop the range here ⏩ https://t.co/FRDwcBxqrW https://t.co/1z6pyP6RRj,1.71902E+18,https://pbs.twimg.com/media/F9sxDuBWoAEVAp-.jpg,,en,"San Francisco, CA",0,0,0,https://x.com/tiktokreelsshop/status/1719021624010097130,1.18452E+18,tiktokreelsshop
1.71902E+18,Mon Oct 30 16:00:12 +0000 2023,0,Y all be ordering from the TikTok shop?,1.71902E+18,,,en,"Memphis, TN",0,0,0,https://x.com/TREatMEliKeAgem/status/1719021390618054703,232105082,TREatMEliKeAgem
1.71902E+18,Mon Oct 30 16:00:01 +0000 2023,1,I heard a rumor that TikTok is having legal issues in China which is why they are going so hard on TikTok Shop in the US. The plan is to capture market share here quickly even if that means offering 50% off on their dime. Anyone can confirm or deny?,1.71902E+18,,,en,"Los Angeles, CA",0,1,0,https://x.com/Melanie_Balke/status/1719021344824914317,8.01298E+17,Melanie_Balke
1.71902E+18,Mon Oct 30 15:55:55 +0000 2023,2,My Etsy shop funds just got deposited into my account. The best feeling ,1.71902E+18,,,en,,0,0,0,https://x.com/JohannaLynnUGC/status/1719020312790978907,1.69714E+18,JohannaLynnUGC
1.71902E+18,Mon Oct 30 15:55:16 +0000 2023,0,While social commerce like #TikTok Shop faced some initial criticism the unique ability it provides means brands that can crack the code are the ones that will succeed in scoring a large portion of the market. More: https://t.co/nGzvAdP9N9. #ProductExperience #HolidayShopping https://t.co/uhwQ2LXulu,1.71902E+18,https://pbs.twimg.com/media/F9svstYW4AAVgl3.jpg,,en,"Boston, Düsseldorf, Nantes, London",0,0,0,https://x.com/akeneopim/status/1719020149054017898,897063528,akeneopim
1.71902E+18,Mon Oct 30 15:55:02 +0000 2023,2,@TeamYouTube Wonder if people are going to use this or Tiktok shop more?,1.71902E+18,,TeamYouTube,en,,0,0,0,https://x.com/TheAIMarvels/status/1719020091017146475,1.68496E+18,TheAIMarvels
1.71902E+18,Mon Oct 30 15:51:17 +0000 2023,0,Should I buy off the TikTok shop?,1.71902E+18,,,en,LA,0,0,0,https://x.com/itskindabreezii/status/1719019149194850681,41903927,itskindabreezii
1.71902E+18,Mon Oct 30 15:44:37 +0000 2023,0,TikTok Shop is a real e-commerce threat https://t.co/KAYp3zn8i8 via @BW #ecommerce #shoppers #shopping #social #media #platform #consumers #shop #videos #livestreams #app #growth #investments #retail #b2c #marketing #advertisers #commerce,1.71902E+18,,,en,United States,0,0,0,https://x.com/VirtualHardy/status/1719017469682028665,1.54656E+18,VirtualHardy
1.71902E+18,Mon Oct 30 15:43:07 +0000 2023,0,Check out my latest article: TikTok Shop Case Study: $48K in 15 days with a 36% Profit Margin; No Ads! https://t.co/P0Ohc5AXSY via @LinkedIn,1.71902E+18,,,en,"Dhaka, Bangladesh",0,0,0,https://x.com/rihanoorprotik/status/1719017092069163463,7.05596E+17,rihanoorprotik
1.71901E+18,Mon Oct 30 15:30:51 +0000 2023,0,@ugclugama What s the requirement to get accepted into TikTok Shop affiliate program?,1.71901E+18,,ugclugama,en,,0,1,0,https://x.com/findingcreators/status/1719014004243439959,500849724,findingcreators
1.71901E+18,Mon Oct 30 15:25:34 +0000 2023,0,Check out The Muslim Woman's Book Shop's video! #TikTok https://t.co/anjh4v5Q88 #StopGazaGenocide #CeasefireNOW,1.71901E+18,,,en,,0,0,1,https://x.com/AmiOsori0/status/1719012676758634525,1.64021E+18,AmiOsori0
1.71901E+18,Mon Oct 30 15:22:38 +0000 2023,0,Btw if you don t have €28 for a hirbawi kufiya TikTok shop has these https://t.co/IZTbzeV8QN that also donate to Palestine it s just only available in black and white.,1.71901E+18,,,en,they/she 2007,0,0,0,https://x.com/t33nsp1r1t3d/status/1719011937898651850,1.69217E+18,t33nsp1r1t3d
1.71901E+18,Mon Oct 30 15:22:25 +0000 2023,0,Lmaoooooo somebody on TikTok said Sheree bringing Keith Lee to the next RHOA reunion ,1.71901E+18,,,en,"Big Dolla$, Texass",0,0,0,https://x.com/SunshineScottee/status/1719011885930910128,1.3672E+18,SunshineScottee
1.71901E+18,Mon Oct 30 15:15:19 +0000 2023,2,The duality of TikTok shop https://t.co/G1w7bTP101,1.71901E+18,https://pbs.twimg.com/media/F9smkd6asAArZty.jpg,,en,they/she 2007,0,0,1,https://x.com/t33nsp1r1t3d/status/1719010096414687701,1.69217E+18,t33nsp1r1t3d
1.71898E+18,Mon Oct 30 12:56:58 +0000 2023,2,Tiktok shop is the biggest opportunity in eCommerce right now in my opinion. Last month my sales weren t anything to boast about. I only did a few a day. But I m figuring out what works and what doesn t with this platform while making sales. It s beyond easy to sell here https://t.co/tRCirMWhFa,1.71898E+18,https://pbs.twimg.com/media/F9sG5RrWIAA1oOJ.jpg,,en,,0,1,0,https://x.com/guerra447/status/1718975281443041296,8.47814E+17,guerra447
1.71877E+18,Mon Oct 30 12:54:04 +0000 2023,0,@hasnainceo DMed you!,1.71897E+18,,hasnainceo,en,Virginia,0,0,0,https://x.com/sociallygin/status/1718974551726420192,1.62333E+18,sociallygin
1.71897E+18,Mon Oct 30 12:42:55 +0000 2023,1,@D_Crusade yeah but thats because they make revenue through the tiktok shop shit,1.71897E+18,,D_Crusade,en,illinois,0,1,0,https://x.com/M3M3_TV_/status/1718971742457139689,8.40943E+17,M3M3_TV_
1.7189E+18,Mon Oct 30 12:25:37 +0000 2023,1,@The_Oodie I don t I m waiting to get the real deal!,1.71897E+18,,The_Oodie,en,Virginia,0,0,0,https://x.com/sociallygin/status/1718967390212345873,1.62333E+18,sociallygin
1.71897E+18,Mon Oct 30 12:21:37 +0000 2023,0,Everyone loves the glaze but the scents have been hit or miss and I can't help but to feel that it's the turnaround rate that TikTok shop has placed on businesses.,1.71897E+18,,TatyanaJenene,en,1637 Blast Ave,0,1,0,https://x.com/TatyanaJenene/status/1718966385504612798,17524406,TatyanaJenene
1.71897E+18,Mon Oct 30 12:21:37 +0000 2023,0,I think this is what's happening to canvas beauty. Before Stormi put it on TikTok shop everyone loved it specifically the strong scent and thickness of the glaze. Lately people (both new and returning customers) have been complaining about the scents not being as strong,1.71897E+18,,,en,1637 Blast Ave,0,1,0,https://x.com/TatyanaJenene/status/1718966383076061292,17524406,TatyanaJenene
1.71896E+18,Mon Oct 30 12:13:00 +0000 2023,0,What is TikTok Shop? + 9 benefits of A TikTok Shop Seller.... ===&gt;https://t.co/nczvr1WPMO https://t.co/BfMKdBP56m,1.71896E+18,https://pbs.twimg.com/media/F9hpgMDXYAAwgNT.jpg,,en,,0,0,0,https://x.com/mulmub_/status/1718964214705148041,1.67806E+18,mulmub_
1.71896E+18,Mon Oct 30 12:12:50 +0000 2023,1,TikTok shop must be a gift and a curse for small business owners. While the visibility and increase in revenue are awesome TikTok s expectation of shipment happening within three days can potentially cause quality control issues.,1.71896E+18,,,en,1637 Blast Ave,0,0,0,https://x.com/TatyanaJenene/status/1718964174905036921,17524406,TatyanaJenene
1.71896E+18,Mon Oct 30 12:10:24 +0000 2023,1,Tiktok shop is dangerously close to taking over Amazon,1.71896E+18,,,en,,0,0,0,https://x.com/justahbluejay/status/1718963561097998846,9.20127E+17,justahbluejay
1.71896E+18,Mon Oct 30 11:56:43 +0000 2023,5,Yall know how bad it is when im about to buy something off tiktok shop,1.71896E+18,,,en,blk,1,2,0,https://x.com/blondedgff/status/1718960117368934687,1.26751E+18,blondedgff
1.71896E+18,Mon Oct 30 11:46:58 +0000 2023,1,I need to stay off TikTok shop ,1.71896E+18,,,en,"Houston, TX",0,0,0,https://x.com/_SheLoveeNaee_/status/1718957664128913646,43742449,_SheLoveeNaee_
1.71895E+18,Mon Oct 30 11:35:40 +0000 2023,2,𝐉𝐨𝐢𝐧 𝐨𝐮𝐫 𝐮𝐩𝐜𝐨𝐦𝐢𝐧𝐠 𝐰𝐞𝐛𝐢𝐧𝐚𝐫 𝐟𝐨𝐫 𝐚 𝐠𝐨𝐥𝐝𝐞𝐧 𝐨𝐩𝐩𝐨𝐫𝐭𝐮𝐧𝐢𝐭𝐲 to know how to scale your business on @TikTok Shop with effortless integration by CedCommerce this festive season Mark your calendar for the Nov 3 at 11 AM (PST) #TikTokshop #TikTok https://t.co/6o7OibRIXy,1.71895E+18,https://pbs.twimg.com/ext_tw_video_thumb/1718952393680068608/pu/img/YeB5_rm3V-Pcf_pP.jpg,,en,everywhere,0,1,1,https://x.com/cedcommerce/status/1718954822513393672,3168316571,cedcommerce
1.71895E+18,Mon Oct 30 11:02:36 +0000 2023,0,Can Shopee and Lazada fill the TikTok Shop-shaped void? https://t.co/svh10d9M0a https://t.co/rsi7EgFFoG,1.71895E+18,https://pbs.twimg.com/tweet_video_thumb/F9rsu4dagAAFtBO.jpg,,en,,0,0,0,https://x.com/HubStartupInfo/status/1718946499495932292,7.5788E+17,HubStartupInfo
1.71895E+18,Mon Oct 30 11:01:05 +0000 2023,0,Check out kiki f&amp;d shop's video! #TikTok https://t.co/fSGmnReGeF,1.71895E+18,,,en,"Beverly Hills, CA",0,0,0,https://x.com/YAHWEH63196246/status/1718946116845384181,1.14821E+18,YAHWEH63196246
1.7189E+18,Mon Oct 30 11:00:56 +0000 2023,1,@shadowofoscar U should buy tiktok shop dild0 to cwlbreate,1.71895E+18,,refrainatrium,en,P3l1c4n t0wn,0,1,0,https://x.com/c_osmosis/status/1718946079255703922,1.37662E+18,c_osmosis
1.71895E+18,Mon Oct 30 10:58:57 +0000 2023,0,You guys can click these link to shop : Tiktok: https://t.co/9uC6kRRK24 Shopee: https://t.co/8dZ2taaSap,1.71895E+18,,hobeauty_my,en,Malaysia,0,0,0,https://x.com/hobeauty_my/status/1718945579919896916,1.2494E+18,hobeauty_my
1.71894E+18,Mon Oct 30 10:45:17 +0000 2023,0,6:44 am and I m buying shit on TikTok shop ‍️,1.71894E+18,,,en,"Georgia, USA",0,0,0,https://x.com/x_ReRe01/status/1718942142419083394,306587254,x_ReRe01
1.71894E+18,Mon Oct 30 10:43:28 +0000 2023,0,BUMP for sale prices ! P30 ea P80 ea P150 ea P200 ea payo shopee cod link on orig twt reply w/ fees tiktok shop cod link dm up to 10.31 only~ # wts lfb payday sale ive wonyoung yujin leeseo lesserafim eunchae sakura yunjin newjeans hyein haerin pc ph,1.71894E+18,,,en,Republic of the Philippines,0,0,0,https://x.com/urjanesells/status/1718941683243729104,1.41697E+18,urjanesells
1.71894E+18,Mon Oct 30 10:42:16 +0000 2023,0,BUMP ! 150php set payo shopee cod link on orig twt reply w/ fees tiktok shop cod link dm up to 10.31 only~ # wts lfb payday sale seventeen jeonghan dicon 101 special holo pvc photocard,1.71894E+18,,,en,Republic of the Philippines,0,0,0,https://x.com/urjanesells/status/1718941382424117286,1.41697E+18,urjanesells
1.71894E+18,Mon Oct 30 10:41:51 +0000 2023,0,BUMP ! pcs: 81php ea payo shopee cod link on orig twt reply w/ fees tiktok shop cod link dm up to 10.31 only~ # wts lfb payday sale seventeen svt f*ck my life fml carat version jun hoshi joshua photocard pc ph,1.71894E+18,,,en,Republic of the Philippines,0,0,0,https://x.com/urjanesells/status/1718941278002729299,1.41697E+18,urjanesells
1.71894E+18,Mon Oct 30 10:41:18 +0000 2023,0,BUMP for 100php! payo shopee cod link on orig twt reply w/ fees tiktok shop cod link dm up to 10.31 only~ # wts lfb payday sale smcu 2021 nct jisung poster unsealed album ph onhand,1.71894E+18,,,en,Republic of the Philippines,0,0,0,https://x.com/urjanesells/status/1718941139544445045,1.41697E+18,urjanesells
1.71894E+18,Mon Oct 30 10:39:59 +0000 2023,0,BUMP ! 50php off per pc~ 500php if set~ prio payo shopee cod link on orig twt reply w/ fees tiktok shop cod link dm up to 10.31 only~ # wts lfb payday sale treasure jaehyuk tss ch1 wc 2022 ongredients pc photocard ph onhand,1.71894E+18,,,en,Republic of the Philippines,0,0,0,https://x.com/urjanesells/status/1718940807791816901,1.41697E+18,urjanesells
1.71894E+18,Mon Oct 30 10:37:56 +0000 2023,0,BUMP ! sukhwan unit: P50 ea suk hello tour holo: P200 ea ; P350 both other pcs: P100 ea prio payo shopee cod link on orig twt reply w/ fees tiktok shop cod link dm up to 10.31 only~ # wts lfb payday sale treasure hyunsuk doyoung junghwan photocard pc onhand ph,1.71894E+18,,,en,Republic of the Philippines,0,0,0,https://x.com/urjanesells/status/1718940292907495440,1.41697E+18,urjanesells
1.71894E+18,Mon Oct 30 10:27:34 +0000 2023,0,How to Fully Automate Your Tiktok Shop Try Ownbass Free Here: https://t.co/rxp1FDWLED How to Sell on Tiktok Shop (the Future of eCommerce): https://t.co/Y1VqGJy728 How I Get Product Videos that ACTUALLY SELL(Try Viralecomadz): https://t.co/xqu4OShl6Y Free Discord https://t.co/Y6fIm0Nvl3,1.71894E+18,https://pbs.twimg.com/ext_tw_video_thumb/1718936013777608705/pu/img/VG09bnK7Pykd5VCw.jpg,,en,,0,0,0,https://x.com/guerra447/status/1718937683450372357,8.47814E+17,guerra447
1.71888E+18,Mon Oct 30 10:16:45 +0000 2023,1,@Darmoniofficial @AlexMonahan100 Buddy definitely buys his clothes from the TikTok shop,1.71893E+18,,Darmoniofficial,en,,0,0,0,https://x.com/sketeharris/status/1718934961946771559,1.53719E+18,sketeharris
1.71893E+18,Mon Oct 30 10:13:24 +0000 2023,0,Tiktok account: clothing innovation shop https://t.co/RoShHOPfyf,1.71893E+18,https://pbs.twimg.com/ext_tw_video_thumb/1718934065301299200/pu/img/NYMTGeiD8KqNnV7E.jpg,,en,paranaque city manila ,0,0,0,https://x.com/ouwen_huang/status/1718934116773818820,1.46585E+18,ouwen_huang
1.71893E+18,Mon Oct 30 10:05:22 +0000 2023,0,Me showing off my new goose plushie that i bought from tiktok shop https://t.co/UGtwzAJA90,1.71893E+18,https://pbs.twimg.com/ext_tw_video_thumb/1371640813210451968/pu/img/PN2paZ50w63ZC2JU.jpg,,en,,0,0,0,https://x.com/SyedArep/status/1718932096633434458,120699954,SyedArep
1.71893E+18,Mon Oct 30 10:00:02 +0000 2023,0,What to wear on Monday? Our best selling Bella Boatneck Top is back in stock! Shop now before it sells out again! Shop here: Shopee: https://t.co/vtIcGBNN3k Lazada: https://t.co/5KL9zcDHCg Tiktok: https://t.co/sHC6Elf7l4 #dnemnlph #dnemnl #TikTokライブ https://t.co/i6PEnobqk4,1.71893E+18,https://pbs.twimg.com/media/F9pkvAKbYAAPeUy.jpg,,en,,0,0,0,https://x.com/dnemnl/status/1718930755395662210,8.35759E+17,dnemnl
1.71893E+18,Mon Oct 30 09:56:32 +0000 2023,1,@Zai_Takashi Im thinking the one next to the drop shop considering we already had a tiktok &amp; IG drop,1.71893E+18,,Zai_Takashi,en,,0,1,0,https://x.com/neebzyyy/status/1718929872800845985,344685805,neebzyyy
1.71893E+18,Mon Oct 30 09:41:26 +0000 2023,1,Can Shopee and Lazada fill the TikTok Shop-shaped void? https://t.co/pnKIdGQISi #startup #technology,1.71893E+18,,,en,,0,1,0,https://x.com/yogiliman/status/1718926073537482820,155954920,yogiliman
1.71893E+18,Mon Oct 30 09:41:10 +0000 2023,0,Can Shopee and Lazada fill the TikTok Shop-shaped void? https://t.co/cjz2y7Y9t7,1.71893E+18,,,en,Asia,0,0,0,https://x.com/techinasia/status/1718926004381536347,44078873,techinasia
1.71892E+18,Mon Oct 30 09:05:26 +0000 2023,0,Reminds me of a Tiktok I saw where a road side shop owner refused to sell a bottle of water to a young girl in her car but rather told her to drive further down park then come &amp; purchase the water calling her disrespectful whereas once it s a man they run up to the car.,1.71892E+18,,,en,"Enugu, Nigeria",0,0,0,https://x.com/kamycolour/status/1718917013307826553,9.30372E+17,kamycolour
1.71891E+18,Mon Oct 30 08:42:05 +0000 2023,1,Check out Saboro Online Shop's video! #TikTok https://t.co/4ORcWfZAe2,1.71891E+18,,,en,,0,0,0,https://x.com/ecarlojohn/status/1718911134739370348,4053777254,ecarlojohn
1.71891E+18,Mon Oct 30 08:41:11 +0000 2023,1,Check out Everliegh&amp;Caroline Shop's video! #TikTok https://t.co/bAI7IAD6UV,1.71891E+18,,,en,,0,0,0,https://x.com/ecarlojohn/status/1718910911774413230,4053777254,ecarlojohn
1.71891E+18,Mon Oct 30 08:28:09 +0000 2023,1,Questions - DM Or Want to start tiktok shop ? Book a call now by clicking here https://t.co/AFdqsyLSSB,1.71891E+18,,Hassanhaidryhrh,en,Free community 👉🏽,0,0,0,https://x.com/Hassanhaidryhrh/status/1718907632357196095,1.54378E+18,Hassanhaidryhrh
1.71891E+18,Mon Oct 30 08:28:09 +0000 2023,0,Now I have 4 owned Tiktok Shop and dozen I'm managing for clients. All passive I just involved in building the system &amp; KPIs of success it's all automated taking my 2h/day.,1.71891E+18,,Hassanhaidryhrh,en,Free community 👉🏽,0,1,0,https://x.com/Hassanhaidryhrh/status/1718907628750098516,1.54378E+18,Hassanhaidryhrh
1.71891E+18,Mon Oct 30 08:26:05 +0000 2023,0,i feel like tiktok is becoming less enjoyable. it almost feels salesy in a way w/ the new tiktok shop. &amp; then evb s promoting something for a dollar &amp; or forcing an aesthetic for views &amp; likes. whereas it used to feel more like snapchat 2.0 a chill ass authentic fckn vibe,1.71891E+18,,,en,Gag City,0,0,0,https://x.com/foreverjlw/status/1718907110199538154,3137911644,foreverjlw
1.71891E+18,Mon Oct 30 08:21:08 +0000 2023,0,#ทรงพระเจริญยิ่งยืนนานลองดูวิดีโอของ pai. shop สิ! #TikTok https://t.co/eRjHby1lqk,1.71891E+18,,,et,,0,0,0,https://x.com/Pankorn1929/status/1718905865213018326,1.68667E+18,Pankorn1929
1.71891E+18,Mon Oct 30 08:18:58 +0000 2023,0,Open everyday More info / order please contact Whatsapp : 085773877777 Shopee : beautiess official shop Tiktok : beautiess_official . #beautiess #skinsolgrup #skinsolutiongrup #loveyourskinmore,1.71891E+18,,Beautiess_id,en,indonesia ,0,0,0,https://x.com/Beautiess_id/status/1718905317227204715,1.32358E+18,Beautiess_id
1.7189E+18,Mon Oct 30 08:16:19 +0000 2023,1,Also the thing she said about making multiple videos of the same product? 100% of my TikTok shop sales have come from products I made 3+ videos on. Content can be easy but it s a real time commitment if you want to make real money from it.,1.7189E+18,,WhitneyChanell,en,"Las Vegas, NV",0,0,0,https://x.com/WhitneyChanell/status/1718904651888972075,34649339,WhitneyChanell
1.7189E+18,Mon Oct 30 08:04:49 +0000 2023,3,In a viral post recently shared to his TikTok page and viewed nearly 5 million times Taylor Offer recalled how he asked for a scoop gluten-free bagel at a bagel shop and was promptly directed to kick rocks. https://t.co/qem2qaqovP,1.7189E+18,,,en,Boston,0,1,0,https://x.com/NECN/status/1718901756938301457,9907172,NECN
1.7189E+18,Mon Oct 30 08:00:30 +0000 2023,0,tiktok shop got me in a chockhold,1.7189E+18,,,en,bay area ca ,0,0,0,https://x.com/dopesoulv/status/1718900673096601818,358019084,dopesoulv
1.71879E+18,Mon Oct 30 07:46:44 +0000 2023,0,@pauljauregui That s actually crazy in 11 days. When was the TikTok shop launched?,1.7189E+18,,pauljauregui,en,,0,1,0,https://x.com/matekoplanyi/status/1718897209213685957,1.50886E+18,matekoplanyi
1.71864E+18,Mon Oct 30 07:39:59 +0000 2023,0,@ayeejuju Social media especially TikTok and Twitch have bred an entire generation of youngsters that thinks they are a lot more important than they really are ,1.7189E+18,,ayeejuju,en,"San Francisco, CA",0,0,0,https://x.com/ShopLitPuppy/status/1718895507387658363,9.38694E+17,ShopLitPuppy
1.71889E+18,Mon Oct 30 07:36:08 +0000 2023,0,New on my Tiktok shop https://t.co/rfPKgVtOeX #primehydration #ksi #prime #loganpaul #hydration #vitaminshoppe #wellness #nutrition #motivation #selfcare #health #hydrationdrink #electrolytes #electrolytedrink #explore #electrolyte #bestsupplements #fitness #primedrinks https://t.co/XXBZAXdb1c,1.71889E+18,https://pbs.twimg.com/ext_tw_video_thumb/1718894497373794304/pu/img/VZhRIK_ZxCLKKJWR.jpg,,en,Kirk Hallam,0,0,0,https://x.com/rachaelndarren/status/1718894541325893770,46192140,rachaelndarren
1.71889E+18,Mon Oct 30 07:32:34 +0000 2023,1,buying smth off tiktok shop.... 4.8 stars soooo,1.71889E+18,,,en,he him 19,1,1,0,https://x.com/idiotvamp/status/1718893644449501329,1.14085E+18,idiotvamp
1.71889E+18,Mon Oct 30 07:32:04 +0000 2023,0,I spent £80 on tiktok shop last night. Now ask me what I bought because I actually couldn t tell you,1.71889E+18,,,en,"London, England",0,0,0,https://x.com/txlexandra/status/1718893516166726112,2337755441,txlexandra
1.71889E+18,Mon Oct 30 07:31:02 +0000 2023,0,I need to take my butt to sleep.. I m up ordering shit off the tiktok shop ‍️,1.71889E+18,,,en,death row 🙃,0,0,0,https://x.com/amarisjnise/status/1718893255566229996,29357075,amarisjnise
1.71889E+18,Mon Oct 30 07:30:59 +0000 2023,3,Retweet share go support my cousins small TikTok shop :)!️️ https://t.co/t8f8rzAhg8,1.71889E+18,https://pbs.twimg.com/media/F9q8SfmbAAAhCER.jpg,,en,,0,0,0,https://x.com/ayeigb/status/1718893241976988059,8.30651E+17,ayeigb
1.71889E+18,Mon Oct 30 07:21:08 +0000 2023,1,Tiktok shop is finishing my money,1.71889E+18,,,en,,0,1,0,https://x.com/neetah_kud/status/1718890764564922454,2246621517,neetah_kud
1.71889E+18,Mon Oct 30 07:10:08 +0000 2023,0,I need to stay off tiktok shop ,1.71889E+18,,,en,,0,0,0,https://x.com/Do2Much_/status/1718887995565015107,8.89315E+17,Do2Much_
1.71889E+18,Mon Oct 30 07:03:00 +0000 2023,0,wonwoo cutie acrylic popsocket Order now on our tiktok shop: Goingyellowph PHP 150 only https://t.co/cM3lRXxqvk,1.71889E+18,https://pbs.twimg.com/media/F9bZHRwa8AAx61u.png,,en,"Manila, PH",0,0,0,https://x.com/goingyellowph/status/1718886200646250752,9.67187E+17,goingyellowph
1.71888E+18,Mon Oct 30 06:57:25 +0000 2023,0,Tiktok shop got me in a chokehold &amp; ain't letting go .,1.71888E+18,,,en,601,0,0,0,https://x.com/atyuniaa/status/1718884798540771741,7.35535E+17,atyuniaa
1.71888E+18,Mon Oct 30 06:48:53 +0000 2023,20,Check out Bhebhe's shop's video! #TikTok https://t.co/InCo2ykqIb,1.71888E+18,,,en,JAmantes 🔶️ 🤘,0,0,3,https://x.com/anne1186/status/1718882648901456163,61151199,anne1186
1.71887E+18,Mon Oct 30 06:11:42 +0000 2023,2,Dumping $250k into TikTok shop this q4. Will give you guys an roi update momentarily with full transparency Follow my journey,1.71887E+18,,,en,Get funded,0,1,0,https://x.com/RishiPanchal20/status/1718873290041921912,1.01966E+18,RishiPanchal20
1.71887E+18,Mon Oct 30 06:05:23 +0000 2023,0,SMN STOCK ARRIVAL BANDAI new stock/restock have arrived Check Out Our Shop More Info Here : https://t.co/XY3isFgUCD Location : Seksyen 7 Shah Alam Selangor Shopee Lazada &amp; Tiktok Shop/Live Available #SMNHobbyShop #hobbyshop #hobbyist #arrival #modelkit https://t.co/8MCtmzxJ2N,1.71887E+18,https://pbs.twimg.com/media/F9qotL2bIAAO3O7.jpg,,en,"Seksyen 7, Shah Alam, Malaysia",0,0,0,https://x.com/smnhobbyshop/status/1718871703705817536,1.14517E+18,smnhobbyshop
1.71887E+18,Mon Oct 30 06:05:01 +0000 2023,0,#บทเรียนลองดูวิดีโอของ pai. shop สิ! #TikTok https://t.co/N13AhOgaDL,1.71887E+18,,,et,,0,0,0,https://x.com/Pankorn1929/status/1718871610801934408,1.68667E+18,Pankorn1929
1.71887E+18,Mon Oct 30 05:59:07 +0000 2023,2,I have a pile of about 10 TikTok shop products waiting for me to do content of them and my ass is up on TikTok WhatsApp and email talking yo more sellers to send me more products for content. It s not *hard* work but it s work fr keeping up with all of this.,1.71887E+18,,,en,"Las Vegas, NV",0,0,0,https://x.com/WhitneyChanell/status/1718870124047011852,34649339,WhitneyChanell
1.71887E+18,Mon Oct 30 05:51:19 +0000 2023,0,TikTok Shop Account With 1 000 followers and 150 listings. Shop Comes With Affiliates And Incoming Daily sales. DM To Buy https://t.co/UhoCI5TytJ,1.71887E+18,https://pbs.twimg.com/media/F9qlem0asAA0bLM.jpg,,en,Washington Dc,0,0,0,https://x.com/LPorasaki/status/1718868159980253414,1.55714E+18,LPorasaki
1.71885E+18,Mon Oct 30 05:30:03 +0000 2023,1,@Lurrdoc I totally get the intimidation! I bought all the stuff for this one after watching a tiktok video showing off all the components! I feel like that's a super easy way to shop around for parts and hear different combos,1.71886E+18,,Lurrdoc,en,,0,1,0,https://x.com/BirdieBoba/status/1718862808534626756,1.35737E+18,BirdieBoba
1.71886E+18,Mon Oct 30 05:21:37 +0000 2023,0,Just got 11 items on TIKTOK shop for under $200 their doing early Black Friday sales‼️,1.71886E+18,,,en,"Detroit, MI",0,1,0,https://x.com/ThatsJane__/status/1718860688888602973,1.46452E+18,ThatsJane__
1.71886E+18,Mon Oct 30 05:21:08 +0000 2023,0,Fully verified TikTok shop Great SEO with 150+ listings incoming sales affiliates and videos all included in SALE dm to buy first come first serve - Documents: DL front and back + SSN. Information: Original Gmail account information all linked to Tiktok account can run ads https://t.co/l0PxMf2mId,1.71886E+18,https://pbs.twimg.com/media/F9qekVrawAApWle.jpg,,en,Washington Dc,0,1,0,https://x.com/LPorasaki/status/1718860566339752264,1.55714E+18,LPorasaki
1.71886E+18,Mon Oct 30 05:09:23 +0000 2023,0,idk understand how the same people who were freaking out over people buying makeup from aliexpress (there s actual legit chinese brands on there) are buying skincare from tiktok shop like ,1.71886E+18,,,en,she/her (FREE 🇵🇸),0,0,0,https://x.com/haruleofilms/status/1718857610739290303,1.53268E+18,haruleofilms
1.71886E+18,Mon Oct 30 05:07:35 +0000 2023,1,sorta just in a degenerate mood just bought freeze dried candy off of tiktok shop,1.71886E+18,,,en,she/her,0,1,0,https://x.com/annoyingnuglyy/status/1718857155992756692,3240066156,annoyingnuglyy
1.71886E+18,Mon Oct 30 05:06:42 +0000 2023,2,The TikTok shop is literally wish https://t.co/CtidU7mlbl,1.71886E+18,https://pbs.twimg.com/tweet_video_thumb/F9qbRSpXIAAocSQ.jpg,,en,,0,1,0,https://x.com/remotectrlz/status/1718856934932046240,1.43562E+18,remotectrlz
1.71886E+18,Mon Oct 30 05:05:57 +0000 2023,0,AESPA MY WORLD SEALED (Intro Ver) - ONHAND - COD available - 399 each tiktok shop: https://t.co/xwvY6Y0kMo shopee: https://t.co/HMLAaqUvsf wts lfb ph aespa myworld karina winter giselle ningning,1.71886E+18,,,en,,0,0,0,https://x.com/presanistell26/status/1718856743223210023,1.20185E+18,presanistell26
1.71886E+18,Mon Oct 30 05:05:43 +0000 2023,0,NEWJEANS GET UP PPG Box Ver Sealed - ONHAND - COD available - 850 each tiktok shop: https://t.co/BcFqyLWBnX shopee: https://t.co/fXakSWCgzb for sdd pls dm me ^^ tags. wts lfb ph minji hanni danielle haerin hyein,1.71886E+18,,,en,,0,0,0,https://x.com/presanistell26/status/1718856685627056472,1.20185E+18,presanistell26
1.71886E+18,Mon Oct 30 05:04:59 +0000 2023,0,Stray Kids Albums (I AM NOT I AM WHO I AM YOU MIROH YELLOW WOOD LEVANTER GO LIVE) ONHAND SEALED 750-890 ea tiktok shop: https://t.co/TRnB96Oi2p shopee: https://t.co/urpZjuis45 ️ wts lfb ph skz straykids bangchan leeknow changbin hyunijin han felix seungmin I.N,1.71886E+18,,,en,,0,0,0,https://x.com/presanistell26/status/1718856503355167165,1.20185E+18,presanistell26
1.71886E+18,Mon Oct 30 05:04:47 +0000 2023,0,TNX The New Six Boyhood Sealed Album - ONHAND - COD available - 179 each tiktok shop: https://t.co/2gGT22jRGQ shopee: https://t.co/XaO3Xzl4V7 for sdd pls dm me ^^ ️ wts lfb ph,1.71886E+18,,,en,,0,0,0,https://x.com/presanistell26/status/1718856450624323897,1.20185E+18,presanistell26
1.71886E+18,Mon Oct 30 05:03:39 +0000 2023,0,TREASURE REBOOT Sealed Album - ONHAND - FIRST PRESS - 380 each tiktok shop: https://t.co/xZMWjTdCBb shopee: https://t.co/XgaATy2z2f ️ wts lfb ph hyunsuk jihoon yoshi junkyu jaehyuk asahi doyoung haruto jeongwoo junghwan,1.71886E+18,,,en,,0,0,0,https://x.com/presanistell26/status/1718856164501553407,1.20185E+18,presanistell26
1.71886E+18,Mon Oct 30 05:03:24 +0000 2023,0,NCT Dream ISTJ Photobook Ver - SEALED - ONHAND - cod available - 395 each tiktok shop: https://t.co/bpqCjjYZ2I shopee: https://t.co/fZuun0nneh for sdd pls dm me ^^ wts lfb ph nctdream mark renjun jeno haechan jaemin chenle jisung,1.71886E+18,,,en,,0,0,0,https://x.com/presanistell26/status/1718856103633756571,1.20185E+18,presanistell26
1.71886E+18,Mon Oct 30 05:03:09 +0000 2023,0,NCT Dream ISTJ Poster Ver (w/ ktown pob) - ONHAND - SEALED - COD available - 630 each tiktok shop: https://t.co/iyWDR3eIMc shopee: https://t.co/chAQh4hAnc for sdd pls dm me! tags. wts lfb ph nctdream mark renjun jeno haechan jaemin chenle jisung,1.71886E+18,,,en,,0,0,0,https://x.com/presanistell26/status/1718856041046409610,1.20185E+18,presanistell26
1.71886E+18,Mon Oct 30 05:02:53 +0000 2023,0,Stray Kids 5 Star Digipack (first press) -sale @ 350 ea -sealed -cod avail tiktok shop https://t.co/xtIy0A9dgZ shopee https://t.co/LDiqq4owmY for sdd pls dm me ^^ tags. wts lfb ph straykids skz bangchan leeknow changbin hyunjin han felix seungmin I.N,1.71886E+18,,,en,,0,0,0,https://x.com/presanistell26/status/1718855972062736600,1.20185E+18,presanistell26
1.71886E+18,Mon Oct 30 05:00:32 +0000 2023,0,i keep getting one of the members on my page promoting fucking tiktok shop LOL,1.71886E+18,,,en,sheher 20 ,0,0,0,https://x.com/convrzehi/status/1718855380783267948,1.63509E+18,convrzehi
1.71886E+18,Mon Oct 30 04:59:06 +0000 2023,0,#ติดตามหาความจริงอย่าให้เขาหลอกลวงแล้วเปิดใจยอมรับลองดูวิดีโอของ pai. shop สิ! #TikTok https://t.co/wAIjGwyuiz,1.71886E+18,,,et,,0,0,0,https://x.com/Pankorn1929/status/1718855023122407584,1.68667E+18,Pankorn1929
1.71885E+18,Mon Oct 30 04:43:59 +0000 2023,0,@SAINT4POTUS Mfs been calling him all type of shit for exposing these tiktok restaurants he came through and wreck shop,1.71885E+18,,SAINT4POTUS,en,"Atlanta, GA",0,1,0,https://x.com/SENTRAVlN/status/1718851215289700484,1.46179E+18,SENTRAVlN
1.71885E+18,Mon Oct 30 04:41:19 +0000 2023,0,tiktok shop is the new temu and shein. what s up with all these coupons??,1.71885E+18,,,en,"Maryland, USA",0,0,0,https://x.com/majorynch3/status/1718850546004615223,1534168520,majorynch3
1.71885E+18,Mon Oct 30 04:39:36 +0000 2023,61,New Maria Clara at Ibarra stickers and notepads are here! : Available on Shopee Lazada and Tiktok Shop! Shop links below. #MariaClaraAtIbarra #Clarisostomo #Filay #MariaClara #CrisostomoIbarra #Klay #Fidel #Barda #Sticker #Notepad https://t.co/sl9PZfs20W,1.71885E+18,https://pbs.twimg.com/media/F9qVD7HaQAAJ089.jpg,,en,,3,1,12,https://x.com/emayestiway/status/1718850112456421629,1.21419E+18,emayestiway
1.71885E+18,Mon Oct 30 04:35:21 +0000 2023,1,Testing out new stuff on Tiktok Shop. Crazy what a good product and the right audience can do yet people still cry and say dropshipping is dead https://t.co/UeTlxtZnPD,1.71885E+18,https://pbs.twimg.com/media/F9qUGLkXcAA0xNU.jpg,,en,,0,1,0,https://x.com/0xIacob/status/1718849044368212298,9.35002E+17,0xIacob
1.71885E+18,Mon Oct 30 04:33:34 +0000 2023,0,Shop quaint shop unique: Glass bowls galore . Follow us on Tiktok for more updates: https://t.co/p8EEEwkufq @houseofgifts.lk . No.06 Bagatalle Road Colombo 03. . Visit our website : www.houseofgifts.Ik . ~ We deliver island wide ~ https://t.co/uCjFwRhukw,1.71885E+18,https://pbs.twimg.com/media/F9qTrfea0AAq_60.jpg,,en,"Kollupitiya, Mount Lavinia",0,0,0,https://x.com/Houseofgiftscmb/status/1718848597515804945,2835740268,Houseofgiftscmb
1.7183E+18,Mon Oct 30 04:28:27 +0000 2023,0,@AugustNoble Is there a benefit to connecting tiktok to Shopify? I m having a little trouble doing that and noticed it was easier just to do shopping and inventory on tiktok shop.,1.71885E+18,,AugustNoble,en,"Las Vegas, NV",0,0,0,https://x.com/ryanrhodes77/status/1718847307922473208,1.49051E+18,ryanrhodes77
1.7184E+18,Mon Oct 30 04:27:48 +0000 2023,1,@TheMoeHayek Is there a benefit to connecting tiktok to Shopify? I m having a little trouble doing that and noticed it was easier just to do shopping and inventory on tiktok shop.,1.71885E+18,,TheMoeHayek,en,"Las Vegas, NV",0,0,0,https://x.com/ryanrhodes77/status/1718847144411725931,1.49051E+18,ryanrhodes77
1.71622E+18,Mon Oct 30 04:27:39 +0000 2023,1,@Hassanhaidryhrh Is there a benefit to connecting tiktok to Shopify? I m having a little trouble doing that and noticed it was easier just to do shopping and inventory on tiktok shop.,1.71885E+18,,Hassanhaidryhrh,en,"Las Vegas, NV",0,0,0,https://x.com/ryanrhodes77/status/1718847104561639684,1.49051E+18,ryanrhodes77
1.71885E+18,Mon Oct 30 04:26:39 +0000 2023,1,For tiktok shop why do I need to connect to Shopify? Can t I just shop from tiktok shop directly?,1.71885E+18,,,en,"Las Vegas, NV",0,3,0,https://x.com/ryanrhodes77/status/1718846855260561506,1.49051E+18,ryanrhodes77
1.71885E+18,Mon Oct 30 04:24:50 +0000 2023,0,Me adding everything from my Tiktok shop to my cart ,1.71885E+18,,,en,,0,0,0,https://x.com/ariandtheglam/status/1718846399071084807,1.08611E+18,ariandtheglam
1.71885E+18,Mon Oct 30 04:19:18 +0000 2023,4,Tiktok shop annoys THE FUCK OUTTA MEEE,1.71885E+18,,,en,🫧 she/her 20,0,1,1,https://x.com/monkeybaIIin/status/1718845007116026208,1.30471E+18,monkeybaIIin
1.71884E+18,Mon Oct 30 04:05:57 +0000 2023,0,My first tiktok shop purchase might have to be a pickle kit,1.71884E+18,,,en,"Rockford, IL ➳ Charlotte, NC",0,0,0,https://x.com/manithdapplebum/status/1718841644118626606,67168094,manithdapplebum
1.71884E+18,Mon Oct 30 04:04:54 +0000 2023,0,do boys get tiktok shop every four videos too like what are boy sponsorships like,1.71884E+18,,,en,,0,0,0,https://x.com/rawrdedondron/status/1718841380015935491,3396506021,rawrdedondron
1.71788E+18,Mon Oct 30 04:01:05 +0000 2023,0,RM89 ONLY! FREE IPHONE 14PRO WEBSITE : [https://t.co/0xX8EPMflJ] SHOPEE : [https://t.co/B9V3t9RtSk] TIKTOK SHOP : [https://t.co/WpOIh5x9wr] BUTIK : [WAZE : MYRAVALLYN BOUTIQUE] https://t.co/z9dgtP8RG8,1.71884E+18,https://pbs.twimg.com/media/F9qMQGRawAATLgN.jpg,myravallyn,en,Malaysia,0,0,0,https://x.com/myravallyn/status/1718840420711780644,1.22607E+18,myravallyn
1.71788E+18,Mon Oct 30 04:00:42 +0000 2023,7,RM89 ONLY! FREE IPHONE 14PRO WEBSITE : [https://t.co/0xX8EPMflJ] SHOPEE : [https://t.co/B9V3t9RtSk] TIKTOK SHOP : [https://t.co/WpOIh5x9wr] BUTIK : [WAZE : MYRAVALLYN BOUTIQUE] https://t.co/1QRdfghTAi,1.71884E+18,https://pbs.twimg.com/media/F9qMKgbagAAPWaf.jpg,myravallyn,en,Malaysia,3,1,10,https://x.com/myravallyn/status/1718840325077410264,1.22607E+18,myravallyn
1.71884E+18,Mon Oct 30 04:00:01 +0000 2023,0,Feeling less than inspired? It s time to start fresh with a few new items we have released! ️ Shop here: Shopee: https://t.co/vtIcGBNfdM Lazada: https://t.co/5KL9zcD9MI Tiktok: https://t.co/sHC6Elezvw #dnemnlph #dnemnl #TikTokライブ #ShopeePH #Lazada1111TH #OOTD https://t.co/cZNeNOHH0j,1.71884E+18,https://pbs.twimg.com/media/F9pkWOObgAAtNuF.jpg,,en,,0,0,0,https://x.com/dnemnl/status/1718840151466480007,8.35759E+17,dnemnl
1.71884E+18,Mon Oct 30 03:59:16 +0000 2023,1,Not the TikTok shop finally finna get me ,1.71884E+18,,,en,,1,0,0,https://x.com/itsCierraa_/status/1718839964266361315,384523877,itsCierraa_
1.71884E+18,Mon Oct 30 03:50:18 +0000 2023,3,Ughhhh tell me why I just placed an order on tiktok shop for a center table I don t need a center table rn IT WAS ON SALEEEEE ONLY TODAY THO,1.71884E+18,,,en,somewhere :),0,0,0,https://x.com/Pattydavila73/status/1718837705293938849,1370607578,Pattydavila73
1.71884E+18,Mon Oct 30 03:39:45 +0000 2023,3,I m so happy with my latest set. I added some cool features that I haven t done before! Check out my shop if you can! https://t.co/cRtXxEleTf #tiktok #artist #glowinthedark #shakers #fidgettoys #gengar #haunter #ghastly #lycanroc #spiritomb #litwick #pokemon https://t.co/GJIyjXvBod,1.71884E+18,https://pbs.twimg.com/ext_tw_video_thumb/1718834935698464768/pu/img/jKuACa9fEH9hTIZR.jpg,,en,,0,0,1,https://x.com/MysticWonder666/status/1718835053705211930,8.31586E+17,MysticWonder666
1.71883E+18,Mon Oct 30 03:24:51 +0000 2023,0,why tiktok shop items come so fast,1.71883E+18,,,en,"London, England",0,0,0,https://x.com/sleepyrayyan/status/1718831302991065438,1.07069E+18,sleepyrayyan
1.71883E+18,Mon Oct 30 03:24:15 +0000 2023,4,Someone s gonna kill a bunch of people using this tiktok shop shit I m telling you https://t.co/Ny59kAcS9o,1.71883E+18,https://pbs.twimg.com/ext_tw_video_thumb/1718831007766626304/pu/img/RtyZJ_P5cQbkBHCS.jpg,,en,he/him ,0,0,0,https://x.com/ephraimwindex/status/1718831150066745624,8.78809E+17,ephraimwindex
1.71857E+18,Mon Oct 30 03:16:05 +0000 2023,0,@kangontheshore Yes!! Apparently may tiktok shop sila and theyre doing live selling plus discounted grabs on their sunglasses!,1.71883E+18,,ookangmi,en,PH,0,0,0,https://x.com/onechitect/status/1718829095117791581,117429627,onechitect
1.7188E+18,Mon Oct 30 03:15:53 +0000 2023,1,@yojhijhi Hi! I bought it from a TikTok shop called Easy Lucky . It was an overseas store. Check them out! It was cheap actually. ️️,1.71883E+18,,yojhijhi,en,,0,1,0,https://x.com/NotaVirginGod/status/1718829046887592381,3570146839,NotaVirginGod
1.71883E+18,Mon Oct 30 03:12:08 +0000 2023,3,I keep scrolling through TikTok and all i see is milk and honey reviews &amp; everyone bashing them after they tried to be funny with keith lee smh they finna be broke and shutting down shop soon ,1.71883E+18,,,en,,0,0,0,https://x.com/RecclessLeeLee/status/1718828100794933682,321423658,RecclessLeeLee
1.71883E+18,Mon Oct 30 03:10:12 +0000 2023,0,Check out TikTok Shop's video! #TikTok https://t.co/T8TIe93w2e,1.71883E+18,,,en,,0,0,0,https://x.com/oaposc13686/status/1718827616134914403,1.6679E+18,oaposc13686
1.71879E+18,Mon Oct 30 00:21:03 +0000 2023,80,TikTok Shop as percentage of sales... 18th: ⬜️⬜️⬜️⬜️⬜️⬜️⬜️⬜️⬜️ 14% 25th: ⬜️⬜️⬜️⬜️⬜️⬜️⬜️⬜️ 21% 26th: ⬜️⬜️⬜️⬜️⬜️⬜️⬜️ 33% 27th: ⬜️⬜️⬜️⬜️⬜️ 50% 28th: ⬜️⬜️⬜️⬜️⬜️ 53% 29th: ⬜️⬜️⬜️⬜️ 56% Our business just doubled in size! https://t.co/iM7KQO3iUS,1.71879E+18,https://pbs.twimg.com/media/F9pY8A2W0AA0s0-.jpg,,en,"Austin, TX",2,13,2,https://x.com/pauljauregui/status/1718785047103242549,25373669,pauljauregui
1.71878E+18,Mon Oct 30 00:14:29 +0000 2023,4,i sent toby a shop on tiktok that had a fnaf collection and waited for his reaction tehe tehe https://t.co/w2W0Uo2N4t,1.71878E+18,https://pbs.twimg.com/media/F9pYZAVXcAAjtRo.jpg,,en,22 | fl | they/them,0,2,0,https://x.com/samxmcquiston/status/1718783397160444384,1.11489E+18,samxmcquiston
1.71878E+18,Mon Oct 30 00:08:19 +0000 2023,3,I have a bath bomb on my tiktok shop and someone asked for a sample. I'm sorry do you wan't me to cut 1 in half? I'm not giving you a regular sample that costs $15+ since it includes crystals. nice try,1.71878E+18,,,en,"Newport News, VA",0,1,0,https://x.com/MagicallyEliza/status/1718781843544146374,1.38997E+18,MagicallyEliza
1.71878E+18,Mon Oct 30 00:02:14 +0000 2023,18,@iFireMonkey These Fortnitemares shops are so bad they removed the good skins like Skull Trooper and Ghoul Trooper whenever they were literally in the shop before and now we got this garbage TikTok Emote,1.71878E+18,,iFireMonkey,en,,0,7,0,https://x.com/ItsGopex/status/1718780311880769712,1.35823E+18,ItsGopex
1.71878E+18,Sun Oct 29 23:44:10 +0000 2023,0,tiktok shop go take all my money bro,1.71878E+18,,,en,"Lafayette, LA",0,0,0,https://x.com/chloenychoee/status/1718775765704061227,1.21061E+18,chloenychoee
1.71878E+18,Sun Oct 29 23:42:13 +0000 2023,0,I need to stay off the TikTok shop,1.71878E+18,,,en,Jerz.,0,0,0,https://x.com/_classicyassy/status/1718775272919449750,183954223,_classicyassy
1.71877E+18,Sun Oct 29 23:15:48 +0000 2023,1,I feel so bad to the person who ordered a sticker on my TikTok shop and I m out of town and forgot to print stickers to send out so now we re getting them mass printed ahhh,1.71877E+18,,,en,Hell,0,0,0,https://x.com/HAILCAITAN/status/1718768626973446538,8.73655E+17,HAILCAITAN
1.71877E+18,Sun Oct 29 23:14:19 +0000 2023,0,Im tired of seeing tiktok shop adsGTFO my phone,1.71877E+18,,,en,United States,0,0,0,https://x.com/ohhbrendah/status/1718768255353995765,1.03719E+18,ohhbrendah
1.71877E+18,Sun Oct 29 23:05:15 +0000 2023,5,Why are y all eating candy from tiktok shop. I just don t have that much trust,1.71877E+18,,,en,Pluto,0,2,1,https://x.com/eribabi3/status/1718765971496743208,1.19731E+18,eribabi3
1.71876E+18,Sun Oct 29 23:02:34 +0000 2023,0,@Internet_Reject yes!!! i ve been ranting ab this for the last couple months! like the changed the search page to a shoppin page and there s a shop page inbetween friends and fyp so when you swipe you get stuck in tiktok shop. so so so so annoying,1.71877E+18,,Internet_Reject,en,19 | shethey | blk&mex,0,0,0,https://x.com/lamourkathani/status/1718765294674387059,1.3402E+18,lamourkathani
1.718E+18,Sun Oct 29 22:58:51 +0000 2023,0,@josetorresrev Borrow money at 0% and leverage into Tiktok shop and scale to the moon,1.71876E+18,,josetorresrev,en,Get funded,0,0,0,https://x.com/RishiPanchal20/status/1718764363136614422,1.01966E+18,RishiPanchal20
1.71871E+18,Sun Oct 29 22:57:46 +0000 2023,0,@anibaldinelli TikTok shop are better than Etsy https://t.co/84ojfWP19V,1.71876E+18,https://pbs.twimg.com/media/F9pG1IKagAAzDG-.jpg,anibaldinelli,en,Get funded,0,0,0,https://x.com/RishiPanchal20/status/1718764089487630361,1.01966E+18,RishiPanchal20
1.71876E+18,Sun Oct 29 22:52:42 +0000 2023,0,tired of this tiktok shop nonsense,1.71876E+18,,,en,,0,0,0,https://x.com/cashasmita/status/1718762813533946077,1.47242E+18,cashasmita
1.71876E+18,Sun Oct 29 22:51:55 +0000 2023,0,i be ơn tiktok shop just buying things ,1.71876E+18,,,en,"Baltimore, MD",0,0,0,https://x.com/sysha2xx/status/1718762614572937425,1.33093E+18,sysha2xx
1.71876E+18,Sun Oct 29 22:45:00 +0000 2023,1,can anyone answer once and for all. is TikTok shop available for Canada or no lol,1.71876E+18,,,en,,0,0,0,https://x.com/tayaudri_social/status/1718760876042485981,1.54488E+18,tayaudri_social
1.71873E+18,Sun Oct 29 21:01:05 +0000 2023,0,why are they selling honey packs on tiktok shop??????????,1.71873E+18,,,en,"Chino Hills, CA",0,0,0,https://x.com/deeesimone/status/1718734723294593479,1.08173E+18,deeesimone
1.71873E+18,Sun Oct 29 20:57:54 +0000 2023,1,Tiktok is very much like watching QVC these days the amount of people selling tiktok shop items for commission https://t.co/OzpQ31DSQ0,1.71873E+18,https://pbs.twimg.com/tweet_video_thumb/F9orY9ZWIAAFqQd.jpg,,en,North West,0,0,0,https://x.com/amyel94/status/1718733923423817732,30224960,amyel94
1.71873E+18,Sun Oct 29 20:52:17 +0000 2023,9,𝙊𝙥𝙚𝙣 𝙛𝙤𝙧: - $𝟐𝟗.𝟗𝟗 for new piece method mainly used for Xbox vc but can also be used for: Shopify Prize picks DoorDash Walmart + more (List will be updated soon) - $𝟒.𝟗𝟗 for TikTok shop and Temu refund method - $𝟏𝟒.𝟗𝟗 for PlayStation refund method on,1.71873E+18,,,en,"St Louis, MO",0,0,0,https://x.com/OddsTheGeneral/status/1718732509737804277,1.41964E+18,OddsTheGeneral
1.71873E+18,Sun Oct 29 20:46:04 +0000 2023,0,somebody need to keep me off tiktok shop fr,1.71873E+18,,,en,Baton Rouge,0,0,0,https://x.com/linaamenaa/status/1718730943794405610,1.13862E+18,linaamenaa
1.71873E+18,Sun Oct 29 20:44:06 +0000 2023,1,tiktok shop gone take all my money .. i haven t ordered anything just yet but i want to ,1.71873E+18,,,en,,0,1,0,https://x.com/destiniamayaa/status/1718730451068592324,1.11207E+18,destiniamayaa
1.71873E+18,Sun Oct 29 20:39:47 +0000 2023,0,I m addicted to TikTok shop rn,1.71873E+18,,,en,,0,0,0,https://x.com/Kayylannn/status/1718729365880492294,3389923421,Kayylannn
1.71873E+18,Sun Oct 29 20:31:54 +0000 2023,2,If you aren t taking advantage of the TikTok shop discounts you re missing out,1.71873E+18,,,en,"Texas, USA",0,0,0,https://x.com/JustClutchTV/status/1718727378384589163,3389999381,JustClutchTV
1.71871E+18,Sun Oct 29 20:29:26 +0000 2023,1,@scenesltbby is this a sign to buy the tiktok shop latina gyatt pajamas they keep reccomending,1.71873E+18,,,en,,0,0,0,https://x.com/ripmooshie/status/1718726757434450408,1.1734E+18,ripmooshie
1.71872E+18,Sun Oct 29 20:18:55 +0000 2023,0,Setting up this mf tiktok shop. I finally got this shit going,1.71872E+18,,,en,LOUi$iANiMAL,0,0,0,https://x.com/keibythapound/status/1718724111386464545,3934330697,keibythapound
1.71872E+18,Sun Oct 29 20:17:54 +0000 2023,4,Ive fallen in the tiktok shop,1.71872E+18,,,en,Among the stars,0,1,0,https://x.com/Giovesworld/status/1718723855416475935,1.28644E+18,Giovesworld
1.71872E+18,Sun Oct 29 20:12:49 +0000 2023,1,Good afternoon just wanted to let y'all know that paradox rift is loaded up on my shop and also on TikTok shop.,1.71872E+18,,,en,"Texas, USA",0,0,0,https://x.com/zardcardz/status/1718722578393534797,1.55421E+18,zardcardz
1.71872E+18,Sun Oct 29 19:47:31 +0000 2023,3,Nothing I hate more than a TikTok shop like please leave us alone,1.71872E+18,,,en,,0,0,0,https://x.com/SAKISUPASTAR/status/1718716212744421806,1.48601E+18,SAKISUPASTAR
1.71872E+18,Sun Oct 29 19:44:34 +0000 2023,2,TikTok shop was a mistake every other video is now an ad from some person shilling for mediocre products because they get a commission.,1.71872E+18,,,en,"New York, USA",0,0,0,https://x.com/GoGadgetGio/status/1718715466963644517,1.09322E+18,GoGadgetGio
1.71872E+18,Sun Oct 29 19:42:50 +0000 2023,0,Trusted the tiktok shop- they better not fuck me over ,1.71872E+18,,,en,,0,0,0,https://x.com/_Kaionna_/status/1718715032597361052,1.08751E+18,_Kaionna_
1.71871E+18,Sun Oct 29 19:35:40 +0000 2023,0,I m addicted to the tiktok shop. ,1.71871E+18,,,en,,0,0,0,https://x.com/_Doniqua_/status/1718713229856100505,163558191,_Doniqua_
1.71871E+18,Sun Oct 29 19:31:06 +0000 2023,14,BIG NEWS @DrinkMidnight is currently on sale on TikTok! You also have a chance to get a 10%-50% coupon you can also add to the sale! Stock up while this last! Shop on my TikTok showcase now! @KimmellGaming ️ https://t.co/uc79PrD8gM https://t.co/FDn5QBB3XG,1.71871E+18,https://pbs.twimg.com/media/F9oXhnzXcAAqzEi.jpg,,en,Grinding,0,0,2,https://x.com/SlyyLive/status/1718712080247726392,1.01344E+18,SlyyLive
1.71871E+18,Sun Oct 29 19:28:42 +0000 2023,0,Looking for US based tiktok creator with &gt;5k followers. - Must be enrolled in TikTok Shop as a Creator. - women s fashion products. - 30 tiktoks/month - 15-25% commission via TikTok Shop. DM me with your tiktok page! #ugccreators #ugccommunity #UGCneeded #UGC,1.71871E+18,,,en,"Tallahassee, FL",0,0,0,https://x.com/ShopRenoux/status/1718711476200829258,1.38241E+18,ShopRenoux
1.71871E+18,Sun Oct 29 19:23:20 +0000 2023,0,Why df do tiktok shop sell food??,1.71871E+18,,,en,"Atlanta, GA",0,0,0,https://x.com/mimiforeignn/status/1718710123894383084,1603861399,mimiforeignn
1.71871E+18,Sun Oct 29 19:16:13 +0000 2023,0,Join me Tuesday afternoon aka Halloween while I start making all the Christmas junk journal kits. They re available right now in my other shop and once they re ready to ship that will be available in my TikTok shop. #greetingcardshop #junkjournalsupplies #scrapbooksupplies https://t.co/FSrXNlFWGd,1.71871E+18,https://pbs.twimg.com/amplify_video_thumb/1718708150839267328/img/w6MpNsQXwC7VWxVT.jpg,,en,"Plant City, FL",0,0,0,https://x.com/PlymouthCards/status/1718708331743678698,1318806822,PlymouthCards
1.71871E+18,Sun Oct 29 19:13:36 +0000 2023,6,Raise a hand if you spent £60 on tiktok shop today ‍️,1.71871E+18,,,en,"London, England",0,6,1,https://x.com/crypto_queen_x/status/1718707673850331583,7.38066E+17,crypto_queen_x
1.71871E+18,Sun Oct 29 19:10:23 +0000 2023,0,Allison got me ordering shit off TikTok shop like since when they started that shit ,1.71871E+18,,,en,Somewhere missing my dad 💔,0,0,0,https://x.com/lowkeymamasss/status/1718706867877404873,115157524,lowkeymamasss
1.71868E+18,Sun Oct 29 19:10:01 +0000 2023,0,@TheMoeHayek How do u find a US supplier that works with tiktok shop?,1.71871E+18,,TheMoeHayek,en,,0,0,0,https://x.com/Tran0x/status/1718706774679675017,2762199912,Tran0x
1.71871E+18,Sun Oct 29 19:08:23 +0000 2023,0,I want that selfie light on tiktok shop Lolol,1.71871E+18,,,en,☕️,0,0,0,https://x.com/snowwhitehogie/status/1718706361427468480,7.72626E+17,snowwhitehogie
1.71871E+18,Sun Oct 29 19:04:27 +0000 2023,0,discovering TikTok shop was the worst thing that could of happened to me today ,1.71871E+18,,,en,,0,1,0,https://x.com/talliespencer_/status/1718705374042415209,7.47361E+17,talliespencer_
1.71869E+18,Sun Oct 29 18:49:29 +0000 2023,1,@_bug_bite_ tiktok shop needs to chill,1.7187E+18,,_bug_bite_,en,,0,1,0,https://x.com/joedemarco98/status/1718701606886158386,1494352129,joedemarco98
1.71868E+18,Sun Oct 29 18:39:01 +0000 2023,1,@Naytheugccreatr Depending on what it is I charge anywhere from $25-$50 extra on top of my base rate.,1.7187E+18,,Naytheugccreatr,en,Virginia,0,1,0,https://x.com/sociallygin/status/1718698972598981115,1.62333E+18,sociallygin
1.71868E+18,Sun Oct 29 17:19:08 +0000 2023,2,TikTok shop got me in a chokehold ‍️,1.71868E+18,,,en,NYC,0,1,0,https://x.com/Raechelxoh/status/1718678870436557056,500378237,Raechelxoh
1.71868E+18,Sun Oct 29 17:17:01 +0000 2023,1,tiktok shop bouta make me go broke idec,1.71868E+18,,,en,19 • ftm ,0,0,0,https://x.com/subbybfgordon/status/1718678337378259007,1.54016E+18,subbybfgordon
1.71868E+18,Sun Oct 29 17:14:10 +0000 2023,11,Here s another UGC video I created for Unineed It s so interesting the different videos that sell well on Tiktok Shop I posted this and already got 2 sales within the first hour Weleda definitely achieves that glowy skincare look #ugccreators #ugccommunity https://t.co/SoCkTrBLbv,1.71868E+18,https://pbs.twimg.com/ext_tw_video_thumb/1718677188071882752/pu/img/2Bh6lD2HA5mRAm7r.jpg,,en,"London, England",0,2,1,https://x.com/nicolejxhnson/status/1718677616880750628,1.64037E+18,nicolejxhnson
1.71868E+18,Sun Oct 29 17:13:42 +0000 2023,0,#ad Are these #Lenovo headphones worth it from the TikTok Shop? #tiktokshop #mannymichael #itsmannymichael #tiktokshopfinds https://t.co/gTNUg7r8I8 https://t.co/lS7TF54XnD,1.71868E+18,https://pbs.twimg.com/amplify_video_thumb/1718677281462202368/img/k4a09vCKhP9MAnIk.jpg,,en,"New York, USA",0,0,0,https://x.com/ItsMannyMichael/status/1718677501185032260,4847765548,ItsMannyMichael
1.71868E+18,Sun Oct 29 17:10:32 +0000 2023,0,tiktok shop finally got me . https://t.co/6WdJkUW0Te,1.71868E+18,https://pbs.twimg.com/media/F9n3WmKWMAADtkA.jpg,,en,"Shreveport, LA",0,0,0,https://x.com/courtneyavant/status/1718676706024694111,3277800354,courtneyavant
1.71868E+18,Sun Oct 29 17:09:48 +0000 2023,0,Idk about yall but TikTok shop is DANGEROUS lol,1.71868E+18,,,en,"Tennessee, USA",0,0,0,https://x.com/Kittydid_101/status/1718676520003162521,624146312,Kittydid_101
1.71866E+18,Sun Oct 29 17:07:53 +0000 2023,0,@ankitmoudgil No I m not in charge of tiktok deals:/ they cover the promo. So I still get full price I sell for,1.71868E+18,,ankitmoudgil,en,"Houston, TX",0,1,0,https://x.com/SakurasCardShop/status/1718676038031475136,1.42655E+18,SakurasCardShop
1.71868E+18,Sun Oct 29 17:05:36 +0000 2023,2,I think the scariest part of ordering from TikTok shop is that they dead don t give you a tracking number. https://t.co/OrXKd5W3ol,1.71868E+18,https://pbs.twimg.com/media/F9n2OTZXwAAeVC9.jpg,,en,enby + anyprounouns :),0,0,0,https://x.com/_fabeany_/status/1718675464527413547,1.10855E+18,_fabeany_
1.71867E+18,Sun Oct 29 17:02:39 +0000 2023,0,I saw some cute things on TikTok shop I might get,1.71867E+18,,,en,Somewhere ,0,0,0,https://x.com/thecreadora/status/1718674722487959667,866421566,thecreadora
1.71867E+18,Sun Oct 29 16:59:20 +0000 2023,1,4mm SPC Flooring Col: FT406 Burmese Teak Brand: Floor Today WhatsApp us at https://t.co/pKcXQUvu4G and make an appointment for free site visit. Follow our TikTok Shop and visit &amp; like our video:- Tik Tok Shop https://t.co/IjMjvWGV4A https://t.co/Th8nq05uBG,1.71867E+18,https://pbs.twimg.com/media/F9n0ykUagAAM92Y.jpg,,en,"Selangor, Malaysia",0,0,0,https://x.com/samwongmh/status/1718673887968494042,8.56839E+17,samwongmh
1.71867E+18,Sun Oct 29 16:57:00 +0000 2023,1,BUMP for sale prices ! P30 ea P80 ea P150 ea P200 ea payo shopee cod link on orig twt reply w/ fees tiktok shop cod link dm up to 10.31 only~ # wts lfb payday sale ive wonyoung yujin leeseo lesserafim eunchae sakura yunjin newjeans hyein haerin pc ph,1.71867E+18,,,en,Republic of the Philippines,0,0,1,https://x.com/urjanesells/status/1718673297905512788,1.41697E+18,urjanesells
1.71828E+18,Sun Oct 29 16:54:54 +0000 2023,0,@daniellgoldstei though we document daily performance and KPIs in the tracking sheet we don't make any pre-mature decisions or judgement till the end of the week optimizing daily backfires,1.71867E+18,,daniellgoldstei,en,Ready to learn more? 👉,0,0,0,https://x.com/jackie_startok/status/1718672771033546946,1.43024E+18,jackie_startok
1.71867E+18,Sun Oct 29 16:52:46 +0000 2023,0,Mfs getting RICH ASF off tiktok shop,1.71867E+18,,,en,,0,0,0,https://x.com/AchrCrntc_/status/1718672235463106891,7.98777E+17,AchrCrntc_
1.71867E+18,Sun Oct 29 16:48:00 +0000 2023,0,BUMP ! 150php set payo shopee cod link on orig twt reply w/ fees tiktok shop cod link dm up to 10.31 only~ # wts lfb payday sale seventeen jeonghan dicon 101 special holo pvc photocard,1.71867E+18,,,en,Republic of the Philippines,0,0,0,https://x.com/urjanesells/status/1718671032624836846,1.41697E+18,urjanesells
1.71867E+18,Sun Oct 29 16:46:58 +0000 2023,0,tiktok shop done got me today ,1.71867E+18,,,en,,0,0,0,https://x.com/chasiityyxo/status/1718670773768827240,4836086368,chasiityyxo
1.71743E+18,Sun Oct 29 16:43:58 +0000 2023,0,So because tt shop is 50% about UGC for the shop EVERY THIRD tiktok for me is now a shop post then an ad then normal content. I ll see what switching in back does lol,1.71867E+18,,lolstasia,en,"Texas, USA",0,1,0,https://x.com/lolstasia/status/1718670017951305965,15371188,lolstasia
1.71834E+18,Sun Oct 29 16:40:32 +0000 2023,0,@JordanBazouzi mostly Fb ads?,1.71867E+18,,JordanBazouzi,en,Ready to learn more? 👉,0,0,0,https://x.com/jackie_startok/status/1718669153370784151,1.43024E+18,jackie_startok
1.71867E+18,Sun Oct 29 16:40:00 +0000 2023,0,BUMP ! pcs: 81php ea payo shopee cod link on orig twt reply w/ fees tiktok shop cod link dm up to 10.31 only~ # wts lfb payday sale seventeen svt f*ck my life fml carat version jun hoshi joshua photocard pc ph,1.71867E+18,,,en,Republic of the Philippines,0,0,0,https://x.com/urjanesells/status/1718669019538973137,1.41697E+18,urjanesells
1.71867E+18,Sun Oct 29 16:37:34 +0000 2023,0,Idk if I told y all over here but these leggings are $6 on the tiktok shop and $18 on Amazon. Do whatever you want with that https://t.co/75z3j7V58o,1.71867E+18,https://pbs.twimg.com/media/F9nvzwUWMAAsERS.jpg,,en,,0,0,0,https://x.com/MyeshaMeShaun/status/1718668408953151815,1.21097E+18,MyeshaMeShaun
1.71834E+18,Sun Oct 29 16:37:01 +0000 2023,1,@lucawashenko Def the easiest time to start (started a TT shop instantly get orders within 5 days of running) but most challenging time to focus and scale cuz the noise and distraction,1.71867E+18,,lucawashenko,en,Ready to learn more? 👉,0,0,0,https://x.com/jackie_startok/status/1718668270151102647,1.43024E+18,jackie_startok
1.71843E+18,Sun Oct 29 16:33:59 +0000 2023,0,@codyplof TT needs to improve their on-site conversion and data tracking...and seems like they're doubling down in-platform commerce instead for this year,1.71867E+18,,codyplof,en,Ready to learn more? 👉,0,0,0,https://x.com/jackie_startok/status/1718667505919549649,1.43024E+18,jackie_startok
1.71867E+18,Sun Oct 29 16:33:00 +0000 2023,0,BUMP for 100php! payo shopee cod link on orig twt reply w/ fees tiktok shop cod link dm up to 10.31 only~ # wts lfb payday sale smcu 2021 nct jisung poster unsealed album ph onhand,1.71867E+18,,,en,Republic of the Philippines,0,0,0,https://x.com/urjanesells/status/1718667257843269857,1.41697E+18,urjanesells
1.71843E+18,Sun Oct 29 16:30:50 +0000 2023,1,@The_EcomGuy coffee the most saturated market there is...but a great product with differentiated marketing you can still win!,1.71867E+18,,The_EcomGuy,en,Ready to learn more? 👉,0,0,0,https://x.com/jackie_startok/status/1718666714752131173,1.43024E+18,jackie_startok
1.71866E+18,Sun Oct 29 16:21:51 +0000 2023,2,tiktok shop is the equivalent of that sky store in victorious that cat kept buying from,1.71866E+18,,,en,she/her || cabin 10,0,0,0,https://x.com/fadedyIan/status/1718664452512325938,8.77209E+17,fadedyIan
1.71866E+18,Sun Oct 29 16:21:33 +0000 2023,2,tiktok shop is just the gen z version of QVC,1.71866E+18,,,en,,0,0,1,https://x.com/ItsMFDom/status/1718664377639829861,1.62055E+18,ItsMFDom
1.71866E+18,Sun Oct 29 16:18:43 +0000 2023,0,Yep i have been known to spend hundreds on clothes on line for my lad aaaaand then go out with my support workers ....n put a five pound top back on the rail at a charity shop that i had considered getting for me #TikTok https://t.co/wQmdPNrNA2,1.71866E+18,,,en,UK,0,0,0,https://x.com/SendThorntons/status/1718663663450554497,1.05266E+18,SendThorntons
1.71866E+18,Sun Oct 29 16:18:10 +0000 2023,0,Ok TikTok shop has gotten ahold of me ,1.71866E+18,,,en,"Indianapolis, IN",0,0,0,https://x.com/__PrettyRae/status/1718663525755691107,2939144668,__PrettyRae
1.71866E+18,Sun Oct 29 16:17:00 +0000 2023,0,BUMP ! 50php off per pc~ 500php if set~ prio payo shopee cod link on orig twt reply w/ fees tiktok shop cod link dm up to 10.31 only~ # wts lfb payday sale treasure jaehyuk tss ch1 wc 2022 ongredients pc photocard ph onhand,1.71866E+18,,,en,Republic of the Philippines,0,0,0,https://x.com/urjanesells/status/1718663231273890025,1.41697E+18,urjanesells
1.71866E+18,Sun Oct 29 16:11:36 +0000 2023,1,i fell into the tiktok shop trap,1.71866E+18,,,en,nj,0,0,0,https://x.com/ionodna/status/1718661872314937523,3070901169,ionodna
1.71866E+18,Sun Oct 29 16:10:55 +0000 2023,3,Pakistani famous TikTok star Mr.Rapper demanded the drop test https://t.co/6tSE3rxMjQ of his iPhone from waidy paiyan#Abdul Ghafoor-Nawaz-Baig#Muhammad_Shakoor-Nawaz-Baig#zamzam electronics shop https://t.co/9u6y79qFVa,1.71866E+18,https://pbs.twimg.com/amplify_video_thumb/1718661628768419841/img/9pvqzGs6nJwWJ3GI.jpg,,en,ZAM ZAM ELECTRONICS,0,1,0,https://x.com/zamelect/status/1718661699538931884,1.37843E+18,zamelect
1.71866E+18,Sun Oct 29 16:06:01 +0000 2023,0,October is such a mixed bag...How did your ads perform this month? One thing we were really mindful of was overcorrecting based on Oct data we see As long as we are at or above target aMER we let it run,1.71866E+18,,,en,Ready to learn more? 👉,0,0,0,https://x.com/jackie_startok/status/1718660468506497127,1.43024E+18,jackie_startok
1.71866E+18,Sun Oct 29 16:03:19 +0000 2023,0, Looking for a steal? Nail Art Bullion Beads Pen is now selling at $11.49 Product by TiktokReelsShop Grab it ASAP https://t.co/W0ogjwkf3T https://t.co/A4jIP4Oq6i,1.71866E+18,https://pbs.twimg.com/media/F9nn-HeWAAABhFl.jpg,,en,"San Francisco, CA",0,0,0,https://x.com/tiktokreelsshop/status/1718659788492440006,1.18452E+18,tiktokreelsshop
1.71866E+18,Sun Oct 29 16:03:00 +0000 2023,0,BUMP ! sukhwan unit: P50 ea suk hello tour holo: P200 ea ; P350 both other pcs: P100 ea prio payo shopee cod link on orig twt reply w/ fees tiktok shop cod link dm up to 10.31 only~ # wts lfb payday sale treasure hyunsuk doyoung junghwan photocard pc onhand ph,1.71866E+18,,,en,Republic of the Philippines,0,0,0,https://x.com/urjanesells/status/1718659708431602103,1.41697E+18,urjanesells
1.71866E+18,Sun Oct 29 15:53:58 +0000 2023,0,DAWG TIKTOK SHOP IS SO EXPENSIVE A MF CAN HAVE 3 THINGS &amp; DAT SHIPPING GONE BE 20x THE PRICE,1.71866E+18,,,en,"Dallas, TX",0,0,0,https://x.com/Conceitedbabyy_/status/1718657436943306894,1.07654E+18,Conceitedbabyy_
1.71866E+18,Sun Oct 29 15:53:33 +0000 2023,1,I love TikTok shop ,1.71866E+18,,,tl,"Toledo, OH",0,0,0,https://x.com/Msfine_Ass/status/1718657332526166402,1.34669E+18,Msfine_Ass
1.71865E+18,Sun Oct 29 15:50:23 +0000 2023,9,@tiomikeygg @UT_Alx Lives Creator Marketplace Missions Ads Tiktok Shop Tiktok work with Artists Sponsorships Creativity Program,1.71866E+18,,tiomikeygg,en,"Scottsdale, AZ",0,2,0,https://x.com/Daisyy_Michelle/status/1718656534929190989,484545746,Daisyy_Michelle
1.7184E+18,Sun Oct 29 15:46:33 +0000 2023,5,@TheMoeHayek I started my tiktok shop in my niche and am getting sales but I cannot figure out the way to fulfill the orders via dropshipping. Will I have to old inventory? I would really appreciate your help,1.71866E+18,,TheMoeHayek,en,super duper,0,1,0,https://x.com/CetiaSOL/status/1718655568892559775,1.06402E+18,CetiaSOL
1.71865E+18,Sun Oct 29 15:43:30 +0000 2023,3,issues with tiktok shop I'm getting orders but cannot find a way to dropship the product will I have to hold inventory?,1.71865E+18,,,en,super duper,0,1,1,https://x.com/CetiaSOL/status/1718654802622644343,1.06402E+18,CetiaSOL
1.71865E+18,Sun Oct 29 15:42:02 +0000 2023,48,I ve now made a brand 99 000 in 3 days Using TikTok Shop I m about to hit 10k commission Going to test a few other products and then give you guys the how If you re a brand reach out via email we can discuss my rates and commission #tiktokshop #ugccommunity https://t.co/hid4ZZSmXm,1.71865E+18,https://pbs.twimg.com/media/F9njGL_aoAAB_cE.jpg,,en,,0,5,0,https://x.com/_ByCrystalW/status/1718654432383250500,1.20211E+18,_ByCrystalW
1.71855E+18,Sun Oct 29 08:56:42 +0000 2023,4, Fit inspo and it s a gym set from TikTok shop DPMO,1.71855E+18,,,en,,0,1,0,https://x.com/brandydaviz/status/1718552426595176532,1.14136E+18,brandydaviz
1.71855E+18,Sun Oct 29 08:55:26 +0000 2023,0,almost just ordered me a wig off TikTok shop tryna b cheap det hoe say synthetic ,1.71855E+18,,,en,the hood,0,0,0,https://x.com/thamfbratt/status/1718552109421916360,1.45509E+18,thamfbratt
1.71855E+18,Sun Oct 29 08:45:59 +0000 2023,14,One of our best sellers the IN YOUR DREAM ENCORE inspired shirts are now available on our Shopee and TikTok Shop! Grab yours now! Shopee: https://t.co/moITLQQevD TikTok: https://t.co/tNDoI1kznX https://t.co/EOwEupPv52,1.71855E+18,https://pbs.twimg.com/ext_tw_video_thumb/1692860649767112704/pu/img/LnY89gcBBLXYUdqT.jpg,,en,,1,0,2,https://x.com/artselleph/status/1718549730903597249,1.33331E+18,artselleph
1.71855E+18,Sun Oct 29 08:45:40 +0000 2023,0,Tiktok account clothing innovation shop https://t.co/9dxFmBHjBb,1.71855E+18,https://pbs.twimg.com/ext_tw_video_thumb/1718549604873244672/pu/img/QfTcyykk0V5F8NZY.jpg,,en,paranaque city manila ,0,0,0,https://x.com/ouwen_huang/status/1718549651417387025,1.46585E+18,ouwen_huang
1.71854E+18,Sun Oct 29 08:17:06 +0000 2023,0,The tiktok shop done got me. ,1.71854E+18,,,en,,0,0,0,https://x.com/_PerSempreMe/status/1718542463218905469,416815051,_PerSempreMe
1.71853E+18,Sun Oct 29 07:36:10 +0000 2023,2,i saw someone with tiktok shop clothes on the other day ,1.71853E+18,,,en,ur local wingstop,0,1,0,https://x.com/prannygo/status/1718532159328133552,1.47062E+18,prannygo
1.71852E+18,Sun Oct 29 06:38:57 +0000 2023,7,just ordered a chamoy pickle kit from the tiktok shop,1.71852E+18,,,en,Atl,1,8,0,https://x.com/coolassscammy/status/1718517763029762309,1.57674E+18,coolassscammy
1.71851E+18,Sun Oct 29 06:26:03 +0000 2023,0,No way my TikTok shop cart is $500+,1.71851E+18,,,en,📍nebraska,0,0,0,https://x.com/iammmbarbie/status/1718514513836704015,1.32822E+18,iammmbarbie
